Brand,Code,Name,Category,Malayalam Name,Base Price,Variants Count,Image URL
"Pentonic","ANG-STA-0751","Pentonic Gel Pen","Gel Pens","പെന്റോണിക് ജെൽ പേന","10","3","https://aadutygzgrbexxuznqlr.supabase.co/storage/v1/object/public/item-images/pentonic/pentonic_gel_pen.png"
"Pentonic","ANG-STA-0752","Pentonic Ball Pen","Ball Pens","പെന്റോണിക് ബോൾ പേന","10","3","https://aadutygzgrbexxuznqlr.supabase.co/storage/v1/object/public/item-images/pentonic/pentonic_gel_pen.png"
"Pentonic","ANG-STA-0753","Pentonic Cipher Ball Pen","Ball Pens","പെന്റോണിക് cipher ബോൾ പേന","10","3","https://aadutygzgrbexxuznqlr.supabase.co/storage/v1/object/public/item-images/pentonic/pentonic_cipher_ball_pen.png"
"Pentonic","ANG-STA-0754","Pentonic GRT Retractable Pen","Ball Pens","പെന്റോണിക് grt റിട്രാക്റ്റബിൾ പേന","20","3","https://aadutygzgrbexxuznqlr.supabase.co/storage/v1/object/public/item-images/pentonic/pentonic_grt_retractable_pen.png"
"Pentonic","ANG-STA-0755","Pentonic Frost Gel Pen","Gel Pens","പെന്റോണിക് frost ജെൽ പേന","15","3","https://aadutygzgrbexxuznqlr.supabase.co/storage/v1/object/public/item-images/pentonic/pentonic_frost_gel_pen.png"
"Pentonic","ANG-STA-0756","Pentonic EVO Ball Pen","Ball Pens","പെന്റോണിക് evo ബോൾ പേന","10","3","https://aadutygzgrbexxuznqlr.supabase.co/storage/v1/object/public/item-images/pentonic/pentonic_evo_ball_pen.png"
"Pentonic","ANG-STA-0757","Pentonic CLR Transparent Pen","Ball Pens","പെന്റോണിക് clr transparent പേന","10","3","https://aadutygzgrbexxuznqlr.supabase.co/storage/v1/object/public/item-images/pentonic/pentonic_clr_transparent_pen.png"
"Pentonic","ANG-STA-0758","Pentonic GLITZ Pen","Ball Pens","പെന്റോണിക് glitz പേന","20","3","https://aadutygzgrbexxuznqlr.supabase.co/storage/v1/object/public/item-images/pentonic/pentonic_glitz_pen.png"
"Pentonic","ANG-STA-0759","Pentonic B-RT Retractable Ball Pen","Ball Pens","പെന്റോണിക് b-rt retractable ബോൾ പേന","20","3","https://aadutygzgrbexxuznqlr.supabase.co/storage/v1/object/public/item-images/pentonic/pentonic_grt_retractable_pen.png"
"Pentonic","ANG-STA-0760","Pentonic B-RT Pastel Edition","Ball Pens","പെന്റോണിക് b-rt pastel edition","20","3","https://aadutygzgrbexxuznqlr.supabase.co/storage/v1/object/public/item-images/pentonic/pentonic_grt_retractable_pen.png"
"Pentonic","ANG-STA-0761","Pentonic Squad Animal Gel Pen","Gel Pens","പെന്റോണിക് squad animal ജെൽ പേന","15","3","https://aadutygzgrbexxuznqlr.supabase.co/storage/v1/object/public/item-images/pentonic/pentonic_gel_pen.png"
"Pentonic","ANG-STA-0762","Pentonic GumStik Glue Stick","Crafts & Adhesives","പെന്റോണിക് gumstik ഗ്ലൂ സ്റ്റിക്ക്","25","3","https://aadutygzgrbexxuznqlr.supabase.co/storage/v1/object/public/item-images/pentonic/pentonic_frost_gel_pen.png"
"Pentonic","ANG-STA-0763","Pentonic Twistick Twist-Up Crayons","Drawing & Colouring","പെന്റോണിക് twistick twist-up crayons","60","3","https://aadutygzgrbexxuznqlr.supabase.co/storage/v1/object/public/item-images/pentonic/pentonic_glitz_pen.png"
"Pentonic","ANG-STA-0764","Pentonic Mechanical Pencil","Pencils","പെന്റോണിക് mechanical പെൻസിൽ","25","3","https://aadutygzgrbexxuznqlr.supabase.co/storage/v1/object/public/item-images/pentonic/pentonic_cipher_ball_pen.png"
"Pentonic","ANG-STA-0765","Pentonic Extra Dark Wooden Pencil","Pencils","പെന്റോണിക് extra dark wooden പെൻസിൽ","6","3","https://aadutygzgrbexxuznqlr.supabase.co/storage/v1/object/public/item-images/pentonic/pentonic_evo_ball_pen.png"
"Pentonic","ANG-STA-0766","Pentonic Mathematical Geometry Box","Mathematical Instruments","പെന്റോണിക് mathematical ജോമെട്രി ബോക്സ്","95","3","https://aadutygzgrbexxuznqlr.supabase.co/storage/v1/object/public/item-images/pentonic/pentonic_clr_transparent_pen.png"
"Win","ANG-STA-0771","Win Connect Ball Pen","Ball Pens","വിൻ കണക്ട് ബോൾ പേന","10","3","https://aadutygzgrbexxuznqlr.supabase.co/storage/v1/object/public/item-images/winpens/win_connect_ball_pen.jpg"
"Win","ANG-STA-0772","Win Guide Ball Pen","Ball Pens","വിൻ ഗൈഡ് ബോൾ പേന","10","3","https://aadutygzgrbexxuznqlr.supabase.co/storage/v1/object/public/item-images/winpens/win_guide_ball_pen.jpg"
"Win","ANG-STA-0773","Win Plush Ball Pen","Ball Pens","വിൻ പ്ലഷ് ബോൾ പേന","10","3","https://aadutygzgrbexxuznqlr.supabase.co/storage/v1/object/public/item-images/winpens/win_plush_ball_pen.jpg"
"Win","ANG-STA-0774","Win Teamo Ball Pen","Ball Pens","വിൻ ടിയാമോ ബോൾ പേന","10","3","https://aadutygzgrbexxuznqlr.supabase.co/storage/v1/object/public/item-images/winpens/win_teamo_ball_pen.jpg"
"Win","ANG-STA-0775","Win Aurus Ball Pen","Ball Pens","വിൻ ഓറസ് ബോൾ പേന","10","3","https://aadutygzgrbexxuznqlr.supabase.co/storage/v1/object/public/item-images/winpens/win_aurus_ball_pen.jpg"
"Win","ANG-STA-0776","Win Cloud Ball Pen","Ball Pens","വിൻ ക്ലൗഡ് ബോൾ പേന","10","3","https://aadutygzgrbexxuznqlr.supabase.co/storage/v1/object/public/item-images/winpens/win_cloud_ball_pen.jpg"
"Win","ANG-STA-0777","Win Duke Ball Pen","Ball Pens","വിൻ duke ബോൾ പേന","10","3","https://aadutygzgrbexxuznqlr.supabase.co/storage/v1/object/public/item-images/winpens/win_duke_ball_pen.jpg"
"Win","ANG-STA-0778","Win Jaadu Ball Pen","Ball Pens","വിൻ jaadu ബോൾ പേന","10","3","https://aadutygzgrbexxuznqlr.supabase.co/storage/v1/object/public/item-images/winpens/win_jaadu_ball_pen.jpg"
"Win","ANG-STA-0779","Win Jovi Ball Pen","Ball Pens","വിൻ jovi ബോൾ പേന","10","3","https://aadutygzgrbexxuznqlr.supabase.co/storage/v1/object/public/item-images/winpens/win_jovi_ball_pen.jpg"
"Win","ANG-STA-0780","Win Mystic Ball Pen","Ball Pens","വിൻ mystic ബോൾ പേന","10","3","https://aadutygzgrbexxuznqlr.supabase.co/storage/v1/object/public/item-images/winpens/win_mystic_ball_pen.jpg"
"Win","ANG-STA-0781","Win Pucchu Ball Pen","Ball Pens","വിൻ pucchu ബോൾ പേന","10","3","https://aadutygzgrbexxuznqlr.supabase.co/storage/v1/object/public/item-images/winpens/win_pucchu_ball_pen.jpg"
"Win","ANG-STA-0782","Win Summer Ball Pen","Ball Pens","വിൻ summer ബോൾ പേന","10","3","https://aadutygzgrbexxuznqlr.supabase.co/storage/v1/object/public/item-images/winpens/win_summer_ball_pen.jpg"
"Win","ANG-STA-0783","Win Ternate Ball Pen","Ball Pens","വിൻ ternate ബോൾ പേന","10","3","https://aadutygzgrbexxuznqlr.supabase.co/storage/v1/object/public/item-images/winpens/win_ternate_ball_pen.jpg"
"Win","ANG-STA-0784","Win Tick Ball Pen","Ball Pens","വിൻ tick ബോൾ പേന","10","3","https://aadutygzgrbexxuznqlr.supabase.co/storage/v1/object/public/item-images/winpens/win_tick_ball_pen.jpg"
"Win","ANG-STA-0785","Win Track Ball Pen","Ball Pens","വിൻ track ബോൾ പേന","10","3","https://aadutygzgrbexxuznqlr.supabase.co/storage/v1/object/public/item-images/winpens/win_track_ball_pen.jpg"
"Win","ANG-STA-0786","Win Trinity Ball Pen","Ball Pens","വിൻ trinity ബോൾ പേന","10","3","https://aadutygzgrbexxuznqlr.supabase.co/storage/v1/object/public/item-images/winpens/win_trinity_ball_pen.jpg"
"Win","ANG-STA-0787","Win Volt Ball Pen","Ball Pens","വിൻ volt ബോൾ പേന","10","3","https://aadutygzgrbexxuznqlr.supabase.co/storage/v1/object/public/item-images/winpens/win_volt_ball_pen.jpg"
"Win","ANG-STA-0788","Win X5 Ball Pen","Ball Pens","വിൻ x5 ബോൾ പേന","10","3","https://aadutygzgrbexxuznqlr.supabase.co/storage/v1/object/public/item-images/winpens/win_x5_ball_pen.jpg"
"Win","ANG-STA-0789","Win Zest Ball Pen","Ball Pens","വിൻ zest ബോൾ പേന","10","3","https://aadutygzgrbexxuznqlr.supabase.co/storage/v1/object/public/item-images/winpens/win_zest_ball_pen.jpg"
"Win","ANG-STA-0790","Win EEE Ball Pen","Ball Pens","വിൻ eee ബോൾ പേന","10","3","https://aadutygzgrbexxuznqlr.supabase.co/storage/v1/object/public/item-images/winpens/win_eee_ball_pen.jpg"
"Win","ANG-STA-0791","Win Smoothie Ball Pen","Ball Pens","വിൻ smoothie ബോൾ പേന","10","3","https://aadutygzgrbexxuznqlr.supabase.co/storage/v1/object/public/item-images/winpens/win_smoothie_ball_pen.jpg"
"Win","ANG-STA-0792","Win Judwaa Ball Pen","Ball Pens","വിൻ judwaa ബോൾ പേന","10","3","https://aadutygzgrbexxuznqlr.supabase.co/storage/v1/object/public/item-images/winpens/win_judwaa_ball_pen.jpg"
"Win","ANG-STA-0793","Win Stroke Ball Pen","Ball Pens","വിൻ stroke ബോൾ പേന","10","3","https://aadutygzgrbexxuznqlr.supabase.co/storage/v1/object/public/item-images/winpens/win_stroke_ball_pen.jpg"
"Win","ANG-STA-0794","Win Little Champ Mini Ball Pen","Ball Pens","വിൻ little champ mini ബോൾ പേന","10","3","https://aadutygzgrbexxuznqlr.supabase.co/storage/v1/object/public/item-images/winpens/win_little_champ_mini_ball_pen.jpg"
"Win","ANG-STA-0795","Win Sketch Pen VXI","Ball Pens","വിൻ sketch പേന vxi","10","3","https://aadutygzgrbexxuznqlr.supabase.co/storage/v1/object/public/item-images/winpens/win_sketch_pen_vxi.jpg"
"Win","ANG-STA-0796","Win Tempera Colours Ball Pen","Ball Pens","വിൻ tempera colours ബോൾ പേന","10","3","https://aadutygzgrbexxuznqlr.supabase.co/storage/v1/object/public/item-images/winpens/win_tempera_colours_ball_pen.jpg"
"Win","ANG-STA-0797","Win Totem Flexi Ball Pen","Ball Pens","വിൻ ടോട്ടം flexi ബോൾ പേന","10","3","https://aadutygzgrbexxuznqlr.supabase.co/storage/v1/object/public/item-images/winpens/win_totem_flexi_ball_pen.jpg"
"Win","ANG-STA-0798","Win Totem Meow Ball Pen","Ball Pens","വിൻ ടോട്ടം meow ബോൾ പേന","10","3","https://aadutygzgrbexxuznqlr.supabase.co/storage/v1/object/public/item-images/winpens/win_totem_meow_ball_pen.jpg"
"Win","ANG-STA-0799","Win Totem Pulp Ball Pen","Ball Pens","വിൻ ടോട്ടം pulp ബോൾ പേന","10","3","https://aadutygzgrbexxuznqlr.supabase.co/storage/v1/object/public/item-images/winpens/win_totem_pulp_ball_pen.jpg"
"Win","ANG-STA-0800","Win Totem Carat Ball Pen","Ball Pens","വിൻ ടോട്ടം carat ബോൾ പേന","10","3","https://aadutygzgrbexxuznqlr.supabase.co/storage/v1/object/public/item-images/winpens/win_totem_carat_ball_pen.jpg"
"Win","ANG-STA-0801","Win Totem Coral Ball Pen","Ball Pens","വിൻ ടോട്ടം coral ബോൾ പേന","10","3","https://aadutygzgrbexxuznqlr.supabase.co/storage/v1/object/public/item-images/winpens/win_totem_coral_ball_pen.jpg"
"Win","ANG-STA-0802","Win Totem Glidex Ball Pen","Ball Pens","വിൻ ടോട്ടം glidex ബോൾ പേന","10","3","https://aadutygzgrbexxuznqlr.supabase.co/storage/v1/object/public/item-images/winpens/win_totem_glidex_ball_pen.jpg"
"Win","ANG-STA-0803","Win Totem Groovy Ball Pen","Ball Pens","വിൻ ടോട്ടം groovy ബോൾ പേന","10","3","https://aadutygzgrbexxuznqlr.supabase.co/storage/v1/object/public/item-images/winpens/win_totem_groovy_ball_pen.jpg"
"Win","ANG-STA-0804","Win Totem Misty Ball Pen","Ball Pens","വിൻ ടോട്ടം misty ബോൾ പേന","10","3","https://aadutygzgrbexxuznqlr.supabase.co/storage/v1/object/public/item-images/winpens/win_totem_misty_ball_pen.png"
"Win","ANG-STA-0805","Win Totem Quote Ball Pen","Ball Pens","വിൻ ടോട്ടം quote ബോൾ പേന","10","3","https://aadutygzgrbexxuznqlr.supabase.co/storage/v1/object/public/item-images/winpens/win_totem_quote_ball_pen.jpg"
"Win","ANG-STA-0806","Win Totem Tripod Ball Pen","Ball Pens","വിൻ ടോട്ടം tripod ബോൾ പേന","10","3","https://aadutygzgrbexxuznqlr.supabase.co/storage/v1/object/public/item-images/winpens/win_totem_tripod_ball_pen.jpg"
"Win","ANG-STA-0807","Win Totem Tyson Ball Pen","Ball Pens","വിൻ ടോട്ടം tyson ബോൾ പേന","10","3","https://aadutygzgrbexxuznqlr.supabase.co/storage/v1/object/public/item-images/winpens/win_totem_tyson_ball_pen.jpg"
"Win","ANG-STA-0808","Win Totem Vintage Ball Pen","Ball Pens","വിൻ ടോട്ടം vintage ബോൾ പേന","10","3","https://aadutygzgrbexxuznqlr.supabase.co/storage/v1/object/public/item-images/winpens/win_totem_vintage_ball_pen.jpg"
"Win","ANG-STA-0809","Win Totem Wow II Ball Pen","Ball Pens","വിൻ ടോട്ടം wow ii ബോൾ പേന","10","3","https://aadutygzgrbexxuznqlr.supabase.co/storage/v1/object/public/item-images/winpens/win_totem_wow_ii_ball_pen.jpg"
"Win","ANG-STA-0810","Win Totem Xpert Ball Pen","Ball Pens","വിൻ ടോട്ടം xpert ബോൾ പേന","10","3","https://aadutygzgrbexxuznqlr.supabase.co/storage/v1/object/public/item-images/winpens/win_totem_xpert_ball_pen.jpg"
"Win","ANG-STA-0811","Win Totem Octave Ball Pen","Ball Pens","വിൻ ടോട്ടം octave ബോൾ പേന","10","3","https://aadutygzgrbexxuznqlr.supabase.co/storage/v1/object/public/item-images/winpens/win_totem_octave_ball_pen.jpg"
"Win","ANG-STA-0812","Win Totem 8 Ball Pen","Ball Pens","വിൻ ടോട്ടം 8 ബോൾ പേന","10","3","https://aadutygzgrbexxuznqlr.supabase.co/storage/v1/object/public/item-images/winpens/win_totem_8_ball_pen.jpg"
"Win","ANG-STA-0813","Win Totem Delux Ball Pen","Ball Pens","വിൻ ടോട്ടം delux ബോൾ പേന","10","3","https://aadutygzgrbexxuznqlr.supabase.co/storage/v1/object/public/item-images/winpens/win_totem_delux_ball_pen.jpg"
"Flair","ANG-STA-0821","Flair Milano Metal Executive Pen","Metal & Executive Pens","ഫ്ലെയർ മിലാനോ metal എക്സിക്യൂട്ടീവ് പേന","140","2","https://aadutygzgrbexxuznqlr.supabase.co/storage/v1/object/public/item-images/flair/metal_pens_flair_milano_metal_executive_pen.webp"
"Flair","ANG-STA-0822","Flair Elegance Metal Executive Pen","Metal & Executive Pens","ഫ്ലെയർ എലഗൻസ് metal എക്സിക്യൂട്ടീവ് പേന","140","2","https://aadutygzgrbexxuznqlr.supabase.co/storage/v1/object/public/item-images/flair/metal_pens_flair_elegance_metal_executive_pen.webp"
"Flair","ANG-STA-0823","Flair Indigo Metal Executive Pen","Metal & Executive Pens","ഫ്ലെയർ ഇൻഡിഗോ metal എക്സിക്യൂട്ടീവ് പേന","140","2","https://aadutygzgrbexxuznqlr.supabase.co/storage/v1/object/public/item-images/flair/metal_pens_flair_indigo_metal_executive_pen.webp"
"Flair","ANG-STA-0824","Flair Rex Metal Executive Pen","Metal & Executive Pens","ഫ്ലെയർ റെക്സ് metal എക്സിക്യൂട്ടീവ് പേന","140","2","https://aadutygzgrbexxuznqlr.supabase.co/storage/v1/object/public/item-images/flair/metal_pens_flair_rex_metal_executive_pen.webp"
"Flair","ANG-STA-0825","Flair Carbonix Metal Executive Pen","Metal & Executive Pens","ഫ്ലെയർ കാർബോണിക്സ് metal എക്സിക്യൂട്ടീവ് പേന","140","2","https://aadutygzgrbexxuznqlr.supabase.co/storage/v1/object/public/item-images/flair/metal_pens_flair_carbonix_metal_executive_pen.webp"
"Flair","ANG-STA-0826","Flair Grace Metal Executive Pen","Metal & Executive Pens","ഫ്ലെയർ grace metal എക്സിക്യൂട്ടീവ് പേന","140","2","https://aadutygzgrbexxuznqlr.supabase.co/storage/v1/object/public/item-images/flair/metal_pens_flair_grace_metal_executive_pen.webp"
"Flair","ANG-STA-0827","Flair Eros Metal Executive Pen","Metal & Executive Pens","ഫ്ലെയർ eros metal എക്സിക്യൂട്ടീവ് പേന","140","2","https://aadutygzgrbexxuznqlr.supabase.co/storage/v1/object/public/item-images/flair/metal_pens_flair_eros_metal_executive_pen.webp"
"Flair","ANG-STA-0828","Flair Regal Metal Executive Pen","Metal & Executive Pens","ഫ്ലെയർ റീഗൽ metal എക്സിക്യൂട്ടീവ് പേന","140","2","https://aadutygzgrbexxuznqlr.supabase.co/storage/v1/object/public/item-images/flair/metal_pens_flair_regal_metal_executive_pen.webp"
"Flair","ANG-STA-0829","Flair Wish Metal Executive Pen","Metal & Executive Pens","ഫ്ലെയർ wish metal എക്സിക്യൂട്ടീവ് പേന","140","2","https://aadutygzgrbexxuznqlr.supabase.co/storage/v1/object/public/item-images/flair/metal_pens_flair_wish_metal_executive_pen.webp"
"Flair","ANG-STA-0830","Flair Miami Metal Executive Pen","Metal & Executive Pens","ഫ്ലെയർ miami metal എക്സിക്യൂട്ടീവ് പേന","140","2","https://aadutygzgrbexxuznqlr.supabase.co/storage/v1/object/public/item-images/flair/metal_pens_flair_miami_metal_executive_pen.webp"
"Flair","ANG-STA-0831","Flair Kroma Dx Metal Executive Pen","Metal & Executive Pens","ഫ്ലെയർ kroma dx metal എക്സിക്യൂട്ടീവ് പേന","140","2","https://aadutygzgrbexxuznqlr.supabase.co/storage/v1/object/public/item-images/flair/metal_pens_flair_kroma_dx_metal_executive_pen.webp"
"Flair","ANG-STA-0832","Flair Skin Metal Executive Pen","Metal & Executive Pens","ഫ്ലെയർ skin metal എക്സിക്യൂട്ടീവ് പേന","140","2","https://aadutygzgrbexxuznqlr.supabase.co/storage/v1/object/public/item-images/flair/metal_pens_flair_skin_metal_executive_pen.webp"
"Flair","ANG-STA-0833","Flair Slim Metal Executive Pen","Metal & Executive Pens","ഫ്ലെയർ slim metal എക്സിക്യൂട്ടീവ് പേന","140","2","https://aadutygzgrbexxuznqlr.supabase.co/storage/v1/object/public/item-images/flair/metal_pens_flair_slim_metal_executive_pen.webp"
"Flair","ANG-STA-0834","Flair Kiemaya Metal Executive Pen","Metal & Executive Pens","ഫ്ലെയർ kiemaya metal എക്സിക്യൂട്ടീവ് പേന","140","2","https://aadutygzgrbexxuznqlr.supabase.co/storage/v1/object/public/item-images/flair/metal_pens_flair_kiemaya_metal_executive_pen.webp"
"Flair","ANG-STA-0835","Flair Voyager Metal Executive Pen","Metal & Executive Pens","ഫ്ലെയർ voyager metal എക്സിക്യൂട്ടീവ് പേന","140","2","https://aadutygzgrbexxuznqlr.supabase.co/storage/v1/object/public/item-images/flair/metal_pens_flair_voyager_metal_executive_pen.webp"
"Flair","ANG-STA-0836","Flair Kroma Metal Executive Pen","Metal & Executive Pens","ഫ്ലെയർ kroma metal എക്സിക്യൂട്ടീവ് പേന","140","2","https://aadutygzgrbexxuznqlr.supabase.co/storage/v1/object/public/item-images/flair/metal_pens_flair_kroma_metal_executive_pen.webp"
"Flair","ANG-STA-0837","Flair Baleno Metal Executive Pen","Metal & Executive Pens","ഫ്ലെയർ baleno metal എക്സിക്യൂട്ടീവ് പേന","140","2","https://aadutygzgrbexxuznqlr.supabase.co/storage/v1/object/public/item-images/flair/metal_pens_flair_baleno_metal_executive_pen.webp"
"Flair","ANG-STA-0838","Flair Desire Metal Executive Pen","Metal & Executive Pens","ഫ്ലെയർ desire metal എക്സിക്യൂട്ടീവ് പേന","140","2","https://aadutygzgrbexxuznqlr.supabase.co/storage/v1/object/public/item-images/flair/metal_pens_flair_desire_metal_executive_pen.webp"
"Flair","ANG-STA-0839","Flair Desire Steel Metal Executive Pen","Metal & Executive Pens","ഫ്ലെയർ desire steel metal എക്സിക്യൂട്ടീവ് പേന","140","2","https://aadutygzgrbexxuznqlr.supabase.co/storage/v1/object/public/item-images/flair/metal_pens_flair_desire_steel_metal_executive_pen.webp"
"Flair","ANG-STA-0840","Flair Real Magic Metal Executive Pen","Metal & Executive Pens","ഫ്ലെയർ real magic metal എക്സിക്യൂട്ടീവ് പേന","140","2","https://aadutygzgrbexxuznqlr.supabase.co/storage/v1/object/public/item-images/flair/metal_pens_flair_milano_metal_executive_pen.webp"
"Flair","ANG-STA-0841","Flair Beverly Hills Metal Executive Pen","Metal & Executive Pens","ഫ്ലെയർ beverly hills metal എക്സിക്യൂട്ടീവ് പേന","140","2","https://aadutygzgrbexxuznqlr.supabase.co/storage/v1/object/public/item-images/flair/metal_pens_flair_elegance_metal_executive_pen.webp"
"Flair","ANG-STA-0842","Flair Monte Rosa Metal Executive Pen","Metal & Executive Pens","ഫ്ലെയർ monte rosa metal എക്സിക്യൂട്ടീവ് പേന","140","2","https://aadutygzgrbexxuznqlr.supabase.co/storage/v1/object/public/item-images/flair/metal_pens_flair_indigo_metal_executive_pen.webp"
"Flair","ANG-STA-0843","Flair Black Beauty Metal Executive Pen","Metal & Executive Pens","ഫ്ലെയർ black beauty metal എക്സിക്യൂട്ടീവ് പേന","140","2","https://aadutygzgrbexxuznqlr.supabase.co/storage/v1/object/public/item-images/flair/metal_pens_flair_rex_metal_executive_pen.webp"
"Flair","ANG-STA-0844","Flair Anaaya Metal Executive Pen","Metal & Executive Pens","ഫ്ലെയർ anaaya metal എക്സിക്യൂട്ടീവ് പേന","140","2","https://aadutygzgrbexxuznqlr.supabase.co/storage/v1/object/public/item-images/flair/metal_pens_flair_carbonix_metal_executive_pen.webp"
"Flair","ANG-STA-0845","Flair Ttriumph Metal Executive Pen","Metal & Executive Pens","ഫ്ലെയർ ttriumph metal എക്സിക്യൂട്ടീവ് പേന","140","2","https://aadutygzgrbexxuznqlr.supabase.co/storage/v1/object/public/item-images/flair/metal_pens_flair_grace_metal_executive_pen.webp"
"Flair","ANG-STA-0846","Flair Momento Metal Executive Pen","Metal & Executive Pens","ഫ്ലെയർ momento metal എക്സിക്യൂട്ടീവ് പേന","140","2","https://aadutygzgrbexxuznqlr.supabase.co/storage/v1/object/public/item-images/flair/metal_pens_flair_eros_metal_executive_pen.webp"
"Flair","ANG-STA-0847","Flair Golden Eye Metal Executive Pen","Metal & Executive Pens","ഫ്ലെയർ golden eye metal എക്സിക്യൂട്ടീവ് പേന","140","2","https://aadutygzgrbexxuznqlr.supabase.co/storage/v1/object/public/item-images/flair/metal_pens_flair_regal_metal_executive_pen.webp"
"Flair","ANG-STA-0848","Flair Ikon Metal Executive Pen","Metal & Executive Pens","ഫ്ലെയർ ikon metal എക്സിക്യൂട്ടീവ് പേന","140","2","https://aadutygzgrbexxuznqlr.supabase.co/storage/v1/object/public/item-images/flair/metal_pens_flair_wish_metal_executive_pen.webp"
"Flair","ANG-STA-0849","Flair Jewel Metal Executive Pen","Metal & Executive Pens","ഫ്ലെയർ jewel metal എക്സിക്യൂട്ടീവ് പേന","140","2","https://aadutygzgrbexxuznqlr.supabase.co/storage/v1/object/public/item-images/flair/metal_pens_flair_miami_metal_executive_pen.webp"
"Flair","ANG-STA-0850","Flair Duke Metal Executive Pen","Metal & Executive Pens","ഫ്ലെയർ duke metal എക്സിക്യൂട്ടീവ് പേന","140","2","https://aadutygzgrbexxuznqlr.supabase.co/storage/v1/object/public/item-images/flair/metal_pens_flair_kroma_dx_metal_executive_pen.webp"
"Flair","ANG-STA-0851","Flair Black Magic Metal Executive Pen","Metal & Executive Pens","ഫ്ലെയർ black magic metal എക്സിക്യൂട്ടീവ് പേന","140","2","https://aadutygzgrbexxuznqlr.supabase.co/storage/v1/object/public/item-images/flair/metal_pens_flair_skin_metal_executive_pen.webp"
"Flair","ANG-STA-0852","Flair Success Metal Executive Pen","Metal & Executive Pens","ഫ്ലെയർ success metal എക്സിക്യൂട്ടീവ് പേന","140","2","https://aadutygzgrbexxuznqlr.supabase.co/storage/v1/object/public/item-images/flair/metal_pens_flair_slim_metal_executive_pen.webp"
"Flair","ANG-STA-0853","Flair Carishma Metal Executive Pen","Metal & Executive Pens","ഫ്ലെയർ carishma metal എക്സിക്യൂട്ടീവ് പേന","140","2","https://aadutygzgrbexxuznqlr.supabase.co/storage/v1/object/public/item-images/flair/metal_pens_flair_kiemaya_metal_executive_pen.webp"
"Flair","ANG-STA-0854","Flair Pacific Metal Executive Pen","Metal & Executive Pens","ഫ്ലെയർ pacific metal എക്സിക്യൂട്ടീവ് പേന","140","2","https://aadutygzgrbexxuznqlr.supabase.co/storage/v1/object/public/item-images/flair/metal_pens_flair_voyager_metal_executive_pen.webp"
"Flair","ANG-STA-0855","Flair Half Metal Metal Executive Pen","Metal & Executive Pens","ഫ്ലെയർ half metal metal എക്സിക്യൂട്ടീവ് പേന","140","2","https://aadutygzgrbexxuznqlr.supabase.co/storage/v1/object/public/item-images/flair/metal_pens_flair_kroma_metal_executive_pen.webp"
"Flair","ANG-STA-0856","Flair IDEA Ball Pen","Ball Pens","ഫ്ലെയർ idea ബോൾ പേന","10","3","https://aadutygzgrbexxuznqlr.supabase.co/storage/v1/object/public/item-images/flair/ball_pens_flair_idea_ball_pen.png"
"Flair","ANG-STA-0857","Flair Wave Ball Pen","Ball Pens","ഫ്ലെയർ wave ബോൾ പേന","10","3","https://aadutygzgrbexxuznqlr.supabase.co/storage/v1/object/public/item-images/flair/ball_pens_flair_wave_ball_pen.png"
"Flair","ANG-STA-0858","Flair Writo Meter Silk Ball Pen","Ball Pens","ഫ്ലെയർ റൈറ്റോ-മീറ്റർ silk ബോൾ പേന","25","3","https://aadutygzgrbexxuznqlr.supabase.co/storage/v1/object/public/item-images/flair/ball_pens_flair_writo_meter_silk_ball_pen.png"
"Flair","ANG-STA-0859","Flair X-TREK Ball Pen","Ball Pens","ഫ്ലെയർ x-trek ബോൾ പേന","10","3","https://aadutygzgrbexxuznqlr.supabase.co/storage/v1/object/public/item-images/flair/ball_pens_flair_x_trek_ball_pen.png"
"Flair","ANG-STA-0860","Flair 3 in 1 Ball Pen","Ball Pens","ഫ്ലെയർ 3 in 1 ബോൾ പേന","10","3","https://aadutygzgrbexxuznqlr.supabase.co/storage/v1/object/public/item-images/flair/ball_pens_flair_3_in_1_ball_pen.png"
"Flair","ANG-STA-0861","Flair Xtra Bold Ball Pen","Ball Pens","ഫ്ലെയർ xtra bold ബോൾ പേന","10","3","https://aadutygzgrbexxuznqlr.supabase.co/storage/v1/object/public/item-images/flair/ball_pens_flair_xtra_bold_ball_pen.png"
"Flair","ANG-STA-0862","Flair YOLO Trendz Ball Pen","Ball Pens","ഫ്ലെയർ yolo trendz ബോൾ പേന","10","3","https://aadutygzgrbexxuznqlr.supabase.co/storage/v1/object/public/item-images/flair/ball_pens_flair_yolo_trendz_ball_pen.png"
"Flair","ANG-STA-0863","Flair Writo-meter Executive Ball Pen","Ball Pens","ഫ്ലെയർ റൈറ്റോ-മീറ്റർ എക്സിക്യൂട്ടീവ് ബോൾ പേന","25","3","https://aadutygzgrbexxuznqlr.supabase.co/storage/v1/object/public/item-images/flair/ball_pens_flair_writo_meter_executive_ball_pen.webp"
"Flair","ANG-STA-0864","Flair Writo-meter Jumbo Ball Pen","Ball Pens","ഫ്ലെയർ റൈറ്റോ-മീറ്റർ jumbo ബോൾ പേന","25","3","https://aadutygzgrbexxuznqlr.supabase.co/storage/v1/object/public/item-images/flair/ball_pens_flair_writo_meter_jumbo_ball_pen.webp"
"Flair","ANG-STA-0865","Flair Writo-meter Ball Pen","Ball Pens","ഫ്ലെയർ റൈറ്റോ-മീറ്റർ ബോൾ പേന","25","3","https://aadutygzgrbexxuznqlr.supabase.co/storage/v1/object/public/item-images/flair/ball_pens_flair_writo_meter_ball_pen.webp"
"Flair","ANG-STA-0866","Flair Sunny Ball Pen","Ball Pens","ഫ്ലെയർ സണ്ണി ബോൾ പേന","10","3","https://aadutygzgrbexxuznqlr.supabase.co/storage/v1/object/public/item-images/flair/ball_pens_flair_sunny_ball_pen.webp"
"Flair","ANG-STA-0867","Flair Digital Ball Pen","Ball Pens","ഫ്ലെയർ digital ബോൾ പേന","10","3","https://aadutygzgrbexxuznqlr.supabase.co/storage/v1/object/public/item-images/flair/ball_pens_flair_digital_ball_pen.webp"
"Flair","ANG-STA-0868","Flair INK LINE Ball Pen","Ball Pens","ഫ്ലെയർ ink line ബോൾ പേന","10","3","https://aadutygzgrbexxuznqlr.supabase.co/storage/v1/object/public/item-images/flair/ball_pens_flair_ink_line_ball_pen.webp"
"Flair","ANG-STA-0869","Flair YOLO Ball Pen","Ball Pens","ഫ്ലെയർ yolo ബോൾ പേന","10","3","https://aadutygzgrbexxuznqlr.supabase.co/storage/v1/object/public/item-images/flair/ball_pens_flair_yolo_ball_pen.webp"
"Flair","ANG-STA-0870","Flair Carbonix blu Ball Pen","Ball Pens","ഫ്ലെയർ കാർബോണിക്സ് blu ബോൾ പേന","10","3","https://aadutygzgrbexxuznqlr.supabase.co/storage/v1/object/public/item-images/flair/ball_pens_flair_carbonix_blu_ball_pen.webp"
"Flair","ANG-STA-0871","Flair SRX Ball Pen","Ball Pens","ഫ്ലെയർ srx ബോൾ പേന","10","3","https://aadutygzgrbexxuznqlr.supabase.co/storage/v1/object/public/item-images/flair/ball_pens_flair_srx_ball_pen.webp"
"Flair","ANG-STA-0872","Flair Silkina Ball Pen","Ball Pens","ഫ്ലെയർ silkina ബോൾ പേന","10","3","https://aadutygzgrbexxuznqlr.supabase.co/storage/v1/object/public/item-images/flair/ball_pens_flair_silkina_ball_pen.webp"
"Flair","ANG-STA-0873","Flair Xtra-Mile Ball Pen","Ball Pens","ഫ്ലെയർ xtra-mile ബോൾ പേന","10","3","https://aadutygzgrbexxuznqlr.supabase.co/storage/v1/object/public/item-images/flair/ball_pens_flair_xtra_mile_ball_pen.webp"
"Flair","ANG-STA-0874","Flair Topper Ball Pen","Ball Pens","ഫ്ലെയർ topper ബോൾ പേന","10","3","https://aadutygzgrbexxuznqlr.supabase.co/storage/v1/object/public/item-images/flair/ball_pens_flair_topper_ball_pen.webp"
"Flair","ANG-STA-0875","Flair Big Writer Ball Pen","Ball Pens","ഫ്ലെയർ big writer ബോൾ പേന","10","3","https://aadutygzgrbexxuznqlr.supabase.co/storage/v1/object/public/item-images/flair/ball_pens_flair_big_writer_ball_pen.webp"
"Flair","ANG-STA-0876","Flair Clickers Ball Pen","Ball Pens","ഫ്ലെയർ clickers ബോൾ പേന","10","3","https://aadutygzgrbexxuznqlr.supabase.co/storage/v1/object/public/item-images/flair/ball_pens_flair_clickers_ball_pen.webp"
"Flair","ANG-STA-0877","Flair Marathon Ball Pen","Ball Pens","ഫ്ലെയർ marathon ബോൾ പേന","10","3","https://aadutygzgrbexxuznqlr.supabase.co/storage/v1/object/public/item-images/flair/ball_pens_flair_marathon_ball_pen.webp"
"Flair","ANG-STA-0878","Flair Peach Ball Pen","Ball Pens","ഫ്ലെയർ peach ബോൾ പേന","10","3","https://aadutygzgrbexxuznqlr.supabase.co/storage/v1/object/public/item-images/flair/ball_pens_flair_peach_ball_pen.webp"
"Flair","ANG-STA-0879","Flair Ezee-Click Ball Pen","Ball Pens","ഫ്ലെയർ ezee-ക്ലിക്ക് ബോൾ പേന","10","3","https://aadutygzgrbexxuznqlr.supabase.co/storage/v1/object/public/item-images/flair/ball_pens_flair_ezee_click_ball_pen.webp"
"Flair","ANG-STA-0880","Flair Q 5 Ball Pen","Ball Pens","ഫ്ലെയർ q 5 ബോൾ പേന","10","3","https://aadutygzgrbexxuznqlr.supabase.co/storage/v1/object/public/item-images/flair/ball_pens_flair_q_5_ball_pen.webp"
"Flair","ANG-STA-0881","Flair FX Ball Pen","Ball Pens","ഫ്ലെയർ fx ബോൾ പേന","10","3","https://aadutygzgrbexxuznqlr.supabase.co/storage/v1/object/public/item-images/flair/ball_pens_flair_fx_ball_pen.webp"
"Flair","ANG-STA-0882","Flair Woody Ball Pen","Ball Pens","ഫ്ലെയർ woody ബോൾ പേന","10","3","https://aadutygzgrbexxuznqlr.supabase.co/storage/v1/object/public/item-images/flair/ball_pens_flair_woody_ball_pen.webp"
"Flair","ANG-STA-0883","Flair Sunny Grippo Ball Pen","Ball Pens","ഫ്ലെയർ സണ്ണി grippo ബോൾ പേന","10","3","https://aadutygzgrbexxuznqlr.supabase.co/storage/v1/object/public/item-images/flair/ball_pens_flair_idea_ball_pen.png"
"Flair","ANG-STA-0884","Flair Sunny Neon Ball Pen","Ball Pens","ഫ്ലെയർ സണ്ണി neon ബോൾ പേന","10","3","https://aadutygzgrbexxuznqlr.supabase.co/storage/v1/object/public/item-images/flair/ball_pens_flair_wave_ball_pen.png"
"Flair","ANG-STA-0885","Flair Sunny Dx Ball Pen","Ball Pens","ഫ്ലെയർ സണ്ണി dx ബോൾ പേന","10","3","https://aadutygzgrbexxuznqlr.supabase.co/storage/v1/object/public/item-images/flair/ball_pens_flair_writo_meter_silk_ball_pen.png"
"Flair","ANG-STA-0886","Flair Sunny Metallica Ball Pen","Ball Pens","ഫ്ലെയർ സണ്ണി metallica ബോൾ പേന","10","3","https://aadutygzgrbexxuznqlr.supabase.co/storage/v1/object/public/item-images/flair/metal_pens_flair_baleno_metal_executive_pen.webp"
"Flair","ANG-STA-0887","Flair Writo-meter Metallica Ball Pen","Ball Pens","ഫ്ലെയർ റൈറ്റോ-മീറ്റർ metallica ബോൾ പേന","25","3","https://aadutygzgrbexxuznqlr.supabase.co/storage/v1/object/public/item-images/flair/metal_pens_flair_desire_metal_executive_pen.webp"
"Flair","ANG-STA-0888","Flair Writo-meter 2 Ball Pen","Ball Pens","ഫ്ലെയർ റൈറ്റോ-മീറ്റർ 2 ബോൾ പേന","25","3","https://aadutygzgrbexxuznqlr.supabase.co/storage/v1/object/public/item-images/flair/ball_pens_flair_x_trek_ball_pen.png"
"Flair","ANG-STA-0889","Flair Writo-meter RT Ball Pen","Ball Pens","ഫ്ലെയർ റൈറ്റോ-മീറ്റർ rt ബോൾ പേന","25","3","https://aadutygzgrbexxuznqlr.supabase.co/storage/v1/object/public/item-images/flair/ball_pens_flair_3_in_1_ball_pen.png"
"Flair","ANG-STA-0890","Flair Writo-meter OX Ball Pen","Ball Pens","ഫ്ലെയർ റൈറ്റോ-മീറ്റർ ox ബോൾ പേന","25","3","https://aadutygzgrbexxuznqlr.supabase.co/storage/v1/object/public/item-images/flair/ball_pens_flair_xtra_bold_ball_pen.png"
"Flair","ANG-STA-0891","Flair Writo-meter Gold Ball Pen","Ball Pens","ഫ്ലെയർ റൈറ്റോ-മീറ്റർ gold ബോൾ പേന","25","3","https://aadutygzgrbexxuznqlr.supabase.co/storage/v1/object/public/item-images/flair/ball_pens_flair_yolo_trendz_ball_pen.png"
"Flair","ANG-STA-0892","Flair Angular Ball Pen","Ball Pens","ഫ്ലെയർ angular ബോൾ പേന","10","3","https://aadutygzgrbexxuznqlr.supabase.co/storage/v1/object/public/item-images/flair/ball_pens_flair_writo_meter_executive_ball_pen.webp"
"Flair","ANG-STA-0893","Flair Carbonix V Ball Pen","Ball Pens","ഫ്ലെയർ കാർബോണിക്സ് v ബോൾ പേന","10","3","https://aadutygzgrbexxuznqlr.supabase.co/storage/v1/object/public/item-images/flair/ball_pens_flair_writo_meter_jumbo_ball_pen.webp"
"Flair","ANG-STA-0894","Flair Carbonix dUO Ball Pen","Ball Pens","ഫ്ലെയർ കാർബോണിക്സ് duo ബോൾ പേന","10","3","https://aadutygzgrbexxuznqlr.supabase.co/storage/v1/object/public/item-images/flair/ball_pens_flair_writo_meter_ball_pen.webp"
"Flair","ANG-STA-0895","Flair Carbonix Grip Ball Pen","Ball Pens","ഫ്ലെയർ കാർബോണിക്സ് grip ബോൾ പേന","10","3","https://aadutygzgrbexxuznqlr.supabase.co/storage/v1/object/public/item-images/flair/ball_pens_flair_sunny_ball_pen.webp"
"Flair","ANG-STA-0896","Flair Carbonix RT Ball Pen","Ball Pens","ഫ്ലെയർ കാർബോണിക്സ് rt ബോൾ പേന","10","3","https://aadutygzgrbexxuznqlr.supabase.co/storage/v1/object/public/item-images/flair/ball_pens_flair_digital_ball_pen.webp"
"Flair","ANG-STA-0897","Flair Inky Carbonix Ball Pen","Ball Pens","ഫ്ലെയർ inky കാർബോണിക്സ് ബോൾ പേന","10","3","https://aadutygzgrbexxuznqlr.supabase.co/storage/v1/object/public/item-images/flair/ball_pens_flair_ink_line_ball_pen.webp"
"Flair","ANG-STA-0898","Flair Addiction Ball Pen","Ball Pens","ഫ്ലെയർ addiction ബോൾ പേന","10","3","https://aadutygzgrbexxuznqlr.supabase.co/storage/v1/object/public/item-images/flair/ball_pens_flair_yolo_ball_pen.webp"
"Flair","ANG-STA-0899","Flair Ezee Click Pro Ball Pen","Ball Pens","ഫ്ലെയർ ezee ക്ലിക്ക് pro ബോൾ പേന","10","3","https://aadutygzgrbexxuznqlr.supabase.co/storage/v1/object/public/item-images/flair/ball_pens_flair_carbonix_blu_ball_pen.webp"
"Flair","ANG-STA-0900","Flair Alfa Ball Pen","Ball Pens","ഫ്ലെയർ alfa ബോൾ പേന","10","3","https://aadutygzgrbexxuznqlr.supabase.co/storage/v1/object/public/item-images/flair/ball_pens_flair_srx_ball_pen.webp"
"Flair","ANG-STA-0901","Flair Insta Jet Ball Pen","Ball Pens","ഫ്ലെയർ insta jet ബോൾ പേന","10","3","https://aadutygzgrbexxuznqlr.supabase.co/storage/v1/object/public/item-images/flair/ball_pens_flair_silkina_ball_pen.webp"
"Flair","ANG-STA-0902","Flair Xtra Small Ball Pen","Ball Pens","ഫ്ലെയർ xtra small ബോൾ പേന","10","3","https://aadutygzgrbexxuznqlr.supabase.co/storage/v1/object/public/item-images/flair/ball_pens_flair_xtra_mile_ball_pen.webp"
"Flair","ANG-STA-0903","Flair Streamer Ball Pen","Ball Pens","ഫ്ലെയർ streamer ബോൾ പേന","10","3","https://aadutygzgrbexxuznqlr.supabase.co/storage/v1/object/public/item-images/flair/ball_pens_flair_topper_ball_pen.webp"
"Flair","ANG-STA-0904","Flair Mr. Grip Ball Pen","Ball Pens","ഫ്ലെയർ mr. grip ബോൾ പേന","10","3","https://aadutygzgrbexxuznqlr.supabase.co/storage/v1/object/public/item-images/flair/ball_pens_flair_big_writer_ball_pen.webp"
"Flair","ANG-STA-0905","Flair Fx Speed Ball Pen","Ball Pens","ഫ്ലെയർ fx സ്പീഡ് ബോൾ പേന","10","3","https://aadutygzgrbexxuznqlr.supabase.co/storage/v1/object/public/item-images/flair/ball_pens_flair_clickers_ball_pen.webp"
"Flair","ANG-STA-0906","Flair Fx Trendz Ball Pen","Ball Pens","ഫ്ലെയർ fx trendz ബോൾ പേന","10","3","https://aadutygzgrbexxuznqlr.supabase.co/storage/v1/object/public/item-images/flair/ball_pens_flair_marathon_ball_pen.webp"
"Flair","ANG-STA-0907","Flair Q-5 Ball Pen","Ball Pens","ഫ്ലെയർ q-5 ബോൾ പേന","10","3","https://aadutygzgrbexxuznqlr.supabase.co/storage/v1/object/public/item-images/flair/ball_pens_flair_peach_ball_pen.webp"
"Flair","ANG-STA-0908","Flair Wi-Fi Ball Pen","Ball Pens","ഫ്ലെയർ wi-fi ബോൾ പേന","10","3","https://aadutygzgrbexxuznqlr.supabase.co/storage/v1/object/public/item-images/flair/ball_pens_flair_ezee_click_ball_pen.webp"
"Flair","ANG-STA-0909","Flair Ezee Grip Ball Pen","Ball Pens","ഫ്ലെയർ ezee grip ബോൾ പേന","10","3","https://aadutygzgrbexxuznqlr.supabase.co/storage/v1/object/public/item-images/flair/ball_pens_flair_q_5_ball_pen.webp"
"Flair","ANG-STA-0910","Flair Zing Ball Pen","Ball Pens","ഫ്ലെയർ zing ബോൾ പേന","10","3","https://aadutygzgrbexxuznqlr.supabase.co/storage/v1/object/public/item-images/flair/ball_pens_flair_fx_ball_pen.webp"
"Flair","ANG-STA-0911","Flair Xplore Ball Pen","Ball Pens","ഫ്ലെയർ xplore ബോൾ പേന","10","3","https://aadutygzgrbexxuznqlr.supabase.co/storage/v1/object/public/item-images/flair/ball_pens_flair_woody_ball_pen.webp"
"Flair","ANG-STA-0912","Flair Jet-Line Trendz Ball Pen","Ball Pens","ഫ്ലെയർ jet-line trendz ബോൾ പേന","10","3","https://aadutygzgrbexxuznqlr.supabase.co/storage/v1/object/public/item-images/flair/ball_pens_flair_idea_ball_pen.png"
"Flair","ANG-STA-0913","Flair Jet-Line Ball Pen","Ball Pens","ഫ്ലെയർ jet-line ബോൾ പേന","10","3","https://aadutygzgrbexxuznqlr.supabase.co/storage/v1/object/public/item-images/flair/ball_pens_flair_wave_ball_pen.png"
"Flair","ANG-STA-0914","Flair X-5 Ball Pen","Ball Pens","ഫ്ലെയർ x-5 ബോൾ പേന","10","3","https://aadutygzgrbexxuznqlr.supabase.co/storage/v1/object/public/item-images/flair/ball_pens_flair_writo_meter_silk_ball_pen.png"
"Flair","ANG-STA-0915","Flair 777 Ball Pen","Ball Pens","ഫ്ലെയർ 777 ബോൾ പേന","10","3","https://aadutygzgrbexxuznqlr.supabase.co/storage/v1/object/public/item-images/flair/ball_pens_flair_x_trek_ball_pen.png"
"Flair","ANG-STA-0916","Flair Q-Max Ball Pen","Ball Pens","ഫ്ലെയർ q-max ബോൾ പേന","10","3","https://aadutygzgrbexxuznqlr.supabase.co/storage/v1/object/public/item-images/flair/ball_pens_flair_3_in_1_ball_pen.png"
"Flair","ANG-STA-0917","Flair Polo Grip Ball Pen","Ball Pens","ഫ്ലെയർ polo grip ബോൾ പേന","10","3","https://aadutygzgrbexxuznqlr.supabase.co/storage/v1/object/public/item-images/flair/ball_pens_flair_xtra_bold_ball_pen.png"
"Flair","ANG-STA-0918","Flair Star Ball Pen","Ball Pens","ഫ്ലെയർ star ബോൾ പേന","10","3","https://aadutygzgrbexxuznqlr.supabase.co/storage/v1/object/public/item-images/flair/ball_pens_flair_yolo_trendz_ball_pen.png"
"Flair","ANG-STA-0919","Flair Writo-meter Silk Gel Pen","Gel Pens","ഫ്ലെയർ റൈറ്റോ-മീറ്റർ silk ജെൽ പേന","15","3","https://aadutygzgrbexxuznqlr.supabase.co/storage/v1/object/public/item-images/flair/gel_pens_flair_writo_meter_silk_gel_pen.png"
"Flair","ANG-STA-0920","Flair YOLO NXT Gel Gel Pen","Gel Pens","ഫ്ലെയർ yolo nxt gel ജെൽ പേന","15","3","https://aadutygzgrbexxuznqlr.supabase.co/storage/v1/object/public/item-images/flair/gel_pens_flair_yolo_nxt_gel_gel_pen.png"
"Flair","ANG-STA-0921","Flair V2 Gel 10 ink colours Gel Pen","Gel Pens","ഫ്ലെയർ v2 gel 10 ink colours ജെൽ പേന","15","3","https://aadutygzgrbexxuznqlr.supabase.co/storage/v1/object/public/item-images/flair/gel_pens_flair_v2_gel_10_ink_colours_gel_pen.png"
"Flair","ANG-STA-0922","Flair Jet Speed Gel Pen","Gel Pens","ഫ്ലെയർ jet സ്പീഡ് ജെൽ പേന","15","3","https://aadutygzgrbexxuznqlr.supabase.co/storage/v1/object/public/item-images/flair/gel_pens_flair_jet_speed_gel_pen.png"
"Flair","ANG-STA-0923","Flair Beast Gel Gel Pen","Gel Pens","ഫ്ലെയർ beast gel ജെൽ പേന","15","3","https://aadutygzgrbexxuznqlr.supabase.co/storage/v1/object/public/item-images/flair/gel_pens_flair_beast_gel_gel_pen.png"
"Flair","ANG-STA-0924","Flair Yolo Gel Gel Pen","Gel Pens","ഫ്ലെയർ yolo gel ജെൽ പേന","15","3","https://aadutygzgrbexxuznqlr.supabase.co/storage/v1/object/public/item-images/flair/gel_pens_flair_yolo_gel_gel_pen.webp"
"Flair","ANG-STA-0925","Flair Writo-meter JUMBO Gel Pen","Gel Pens","ഫ്ലെയർ റൈറ്റോ-മീറ്റർ jumbo ജെൽ പേന","15","3","https://aadutygzgrbexxuznqlr.supabase.co/storage/v1/object/public/item-images/flair/gel_pens_flair_writo_meter_jumbo_gel_pen.webp"
"Flair","ANG-STA-0926","Flair V2 Gel Gel Pen","Gel Pens","ഫ്ലെയർ v2 gel ജെൽ പേന","15","3","https://aadutygzgrbexxuznqlr.supabase.co/storage/v1/object/public/item-images/flair/gel_pens_flair_v2_gel_gel_pen.webp"
"Flair","ANG-STA-0927","Flair Concorde Gel Pen","Gel Pens","ഫ്ലെയർ concorde ജെൽ പേന","15","3","https://aadutygzgrbexxuznqlr.supabase.co/storage/v1/object/public/item-images/flair/gel_pens_flair_concorde_gel_pen.webp"
"Flair","ANG-STA-0928","Flair Techno Gel Pen","Gel Pens","ഫ്ലെയർ techno ജെൽ പേന","15","3","https://aadutygzgrbexxuznqlr.supabase.co/storage/v1/object/public/item-images/flair/gel_pens_flair_techno_gel_pen.webp"
"Flair","ANG-STA-0929","Flair Pop Gel Gel Pen","Gel Pens","ഫ്ലെയർ pop gel ജെൽ പേന","15","3","https://aadutygzgrbexxuznqlr.supabase.co/storage/v1/object/public/item-images/flair/gel_pens_flair_pop_gel_gel_pen.webp"
"Flair","ANG-STA-0930","Flair Trendy Neon Gel Pen","Gel Pens","ഫ്ലെയർ trendy neon ജെൽ പേന","15","3","https://aadutygzgrbexxuznqlr.supabase.co/storage/v1/object/public/item-images/flair/gel_pens_flair_trendy_neon_gel_pen.webp"
"Flair","ANG-STA-0931","Flair Hi-Fashion Gel Pen","Gel Pens","ഫ്ലെയർ hi-fashion ജെൽ പേന","15","3","https://aadutygzgrbexxuznqlr.supabase.co/storage/v1/object/public/item-images/flair/gel_pens_flair_hi_fashion_gel_pen.webp"
"Flair","ANG-STA-0932","Flair Glitter Xtra Sparkle Gel Pen","Gel Pens","ഫ്ലെയർ ഗ്ലിറ്റർ xtra സ്പാർക്കിൾ ജെൽ പേന","15","3","https://aadutygzgrbexxuznqlr.supabase.co/storage/v1/object/public/item-images/flair/gel_pens_flair_glitter_xtra_sparkle_gel_pen.webp"
"Flair","ANG-STA-0933","Flair Rapid Gel Gel Pen","Gel Pens","ഫ്ലെയർ rapid gel ജെൽ പേന","15","3","https://aadutygzgrbexxuznqlr.supabase.co/storage/v1/object/public/item-images/flair/gel_pens_flair_rapid_gel_gel_pen.webp"
"Flair","ANG-STA-0934","Flair Bolt Gel Pen","Gel Pens","ഫ്ലെയർ bolt ജെൽ പേന","15","3","https://aadutygzgrbexxuznqlr.supabase.co/storage/v1/object/public/item-images/flair/gel_pens_flair_bolt_gel_pen.webp"
"Flair","ANG-STA-0935","Flair Spyder Gel Gel Pen","Gel Pens","ഫ്ലെയർ spyder gel ജെൽ പേന","15","3","https://aadutygzgrbexxuznqlr.supabase.co/storage/v1/object/public/item-images/flair/gel_pens_flair_spyder_gel_gel_pen.webp"
"Flair","ANG-STA-0936","Flair Glass Gel Gel Pen","Gel Pens","ഫ്ലെയർ glass gel ജെൽ പേന","15","3","https://aadutygzgrbexxuznqlr.supabase.co/storage/v1/object/public/item-images/flair/gel_pens_flair_glass_gel_gel_pen.webp"
"Flair","ANG-STA-0937","Flair Inky Woody Fountain Pen","Fountain Pens","ഫ്ലെയർ inky woody ഫൗണ്ടൻ പേന","50","2","https://aadutygzgrbexxuznqlr.supabase.co/storage/v1/object/public/item-images/flair/fountain_pens_flair_inky_woody_fountain_pen.png"
"Flair","ANG-STA-0938","Flair Inky Silvr Fountain Pen","Fountain Pens","ഫ്ലെയർ inky silvr ഫൗണ്ടൻ പേന","50","2","https://aadutygzgrbexxuznqlr.supabase.co/storage/v1/object/public/item-images/flair/fountain_pens_flair_inky_silvr_fountain_pen.png"
"Flair","ANG-STA-0939","Flair Inky Grippo Fountain Pen","Fountain Pens","ഫ്ലെയർ inky grippo ഫൗണ്ടൻ പേന","50","2","https://aadutygzgrbexxuznqlr.supabase.co/storage/v1/object/public/item-images/flair/fountain_pens_flair_inky_grippo_fountain_pen.png"
"Flair","ANG-STA-0940","Flair Inky Gold Fountain Pen","Fountain Pens","ഫ്ലെയർ inky gold ഫൗണ്ടൻ പേന","50","2","https://aadutygzgrbexxuznqlr.supabase.co/storage/v1/object/public/item-images/flair/fountain_pens_flair_inky_gold_fountain_pen.png"
"Flair","ANG-STA-0941","Flair Inky Infinity Fountain Pen","Fountain Pens","ഫ്ലെയർ inky infinity ഫൗണ്ടൻ പേന","50","2","https://aadutygzgrbexxuznqlr.supabase.co/storage/v1/object/public/item-images/flair/fountain_pens_flair_inky_infinity_fountain_pen.webp"
"Flair","ANG-STA-0942","Flair Inky Lava Grey Fountain Pen","Fountain Pens","ഫ്ലെയർ inky lava grey ഫൗണ്ടൻ പേന","50","2","https://aadutygzgrbexxuznqlr.supabase.co/storage/v1/object/public/item-images/flair/fountain_pens_flair_inky_lava_grey_fountain_pen.webp"
"Flair","ANG-STA-0943","Flair Inky Tanker Fountain Pen","Fountain Pens","ഫ്ലെയർ inky tanker ഫൗണ്ടൻ പേന","50","2","https://aadutygzgrbexxuznqlr.supabase.co/storage/v1/object/public/item-images/flair/fountain_pens_flair_inky_tanker_fountain_pen.webp"
"Flair","ANG-STA-0944","Flair Inky 336 Fountain Pen","Fountain Pens","ഫ്ലെയർ inky 336 ഫൗണ്ടൻ പേന","50","2","https://aadutygzgrbexxuznqlr.supabase.co/storage/v1/object/public/item-images/flair/fountain_pens_flair_inky_336_fountain_pen.webp"
"Flair","ANG-STA-0945","Flair Inky Panda Fountain Pen","Fountain Pens","ഫ്ലെയർ inky panda ഫൗണ്ടൻ പേന","50","2","https://aadutygzgrbexxuznqlr.supabase.co/storage/v1/object/public/item-images/flair/fountain_pens_flair_inky_panda_fountain_pen.webp"
"Flair","ANG-STA-0946","Flair Inky CFO Fountain Pen","Fountain Pens","ഫ്ലെയർ inky cfo ഫൗണ്ടൻ പേന","50","2","https://aadutygzgrbexxuznqlr.supabase.co/storage/v1/object/public/item-images/flair/fountain_pens_flair_inky_cfo_fountain_pen.webp"
"Flair","ANG-STA-0947","Flair Inky Fountain Pen","Fountain Pens","ഫ്ലെയർ inky ഫൗണ്ടൻ പേന","50","2","https://aadutygzgrbexxuznqlr.supabase.co/storage/v1/object/public/item-images/flair/fountain_pens_flair_inky_fountain_pen.webp"
"Flair","ANG-STA-0948","Flair Inky Cars Fountain Pen","Fountain Pens","ഫ്ലെയർ inky cars ഫൗണ്ടൻ പേന","50","2","https://aadutygzgrbexxuznqlr.supabase.co/storage/v1/object/public/item-images/flair/fountain_pens_flair_inky_cars_fountain_pen.webp"
"Flair","ANG-STA-0949","Flair Inky Neon-LX Fountain Pen","Fountain Pens","ഫ്ലെയർ inky neon-lx ഫൗണ്ടൻ പേന","50","2","https://aadutygzgrbexxuznqlr.supabase.co/storage/v1/object/public/item-images/flair/fountain_pens_flair_inky_neon_lx_fountain_pen.webp"
"Flair","ANG-STA-0950","Flair Inky Sports Rugby Fountain Pen","Fountain Pens","ഫ്ലെയർ inky sports rugby ഫൗണ്ടൻ പേന","50","2","https://aadutygzgrbexxuznqlr.supabase.co/storage/v1/object/public/item-images/flair/fountain_pens_flair_inky_sports_rugby_fountain_pen.webp"
"Flair","ANG-STA-0951","Flair Inky Monster Fountain Pen","Fountain Pens","ഫ്ലെയർ inky monster ഫൗണ്ടൻ പേന","50","2","https://aadutygzgrbexxuznqlr.supabase.co/storage/v1/object/public/item-images/flair/fountain_pens_flair_inky_monster_fountain_pen.webp"
"Flair","ANG-STA-0952","Flair Inky Planets Fountain Pen","Fountain Pens","ഫ്ലെയർ inky planets ഫൗണ്ടൻ പേന","50","2","https://aadutygzgrbexxuznqlr.supabase.co/storage/v1/object/public/item-images/flair/fountain_pens_flair_inky_planets_fountain_pen.webp"
"Flair","ANG-STA-0953","Flair Inky Robot Fountain Pen","Fountain Pens","ഫ്ലെയർ inky robot ഫൗണ്ടൻ പേന","50","2","https://aadutygzgrbexxuznqlr.supabase.co/storage/v1/object/public/item-images/flair/fountain_pens_flair_inky_robot_fountain_pen.webp"
"Flair","ANG-STA-0954","Flair Inky Classic Fountain Pen","Fountain Pens","ഫ്ലെയർ inky classic ഫൗണ്ടൻ പേന","50","2","https://aadutygzgrbexxuznqlr.supabase.co/storage/v1/object/public/item-images/flair/fountain_pens_flair_inky_classic_fountain_pen.webp"
"Flair","ANG-STA-0955","Flair Inky Sports Surfing Fountain Pen","Fountain Pens","ഫ്ലെയർ inky sports surfing ഫൗണ്ടൻ പേന","50","2","https://aadutygzgrbexxuznqlr.supabase.co/storage/v1/object/public/item-images/flair/fountain_pens_flair_inky_sports_surfing_fountain_pen.webp"
"Flair","ANG-STA-0956","Flair Inky Carbonix (Fountain Pen)","Fountain Pens","ഫ്ലെയർ inky കാർബോണിക്സ് (ഫൗണ്ടൻ പേന)","50","2","https://aadutygzgrbexxuznqlr.supabase.co/storage/v1/object/public/item-images/flair/fountain_pens_flair_inky_carbonix_fountain_pen.webp"
"Flair","ANG-STA-0957","Flair Inky Carbonix (Roller Pen)","Fountain Pens","ഫ്ലെയർ inky കാർബോണിക്സ് (റോളർ പേന)","50","2","https://aadutygzgrbexxuznqlr.supabase.co/storage/v1/object/public/item-images/flair/fountain_pens_flair_inky_carbonix_roller_pen.webp"
"Flair","ANG-STA-0958","Flair Inky CEO Fountain Pen","Fountain Pens","ഫ്ലെയർ inky ceo ഫൗണ്ടൻ പേന","50","2","https://aadutygzgrbexxuznqlr.supabase.co/storage/v1/object/public/item-images/flair/fountain_pens_flair_inky_ceo_fountain_pen.webp"
"Flair","ANG-STA-0959","Flair Inky Eraser DX Fountain Pen","Fountain Pens","ഫ്ലെയർ inky ഇറേസർ dx ഫൗണ്ടൻ പേന","50","2","https://aadutygzgrbexxuznqlr.supabase.co/storage/v1/object/public/item-images/flair/fountain_pens_flair_inky_eraser_dx_fountain_pen.webp"
"Flair","ANG-STA-0960","Flair Inky Beast Fountain Pen","Fountain Pens","ഫ്ലെയർ inky beast ഫൗണ്ടൻ പേന","50","2","https://aadutygzgrbexxuznqlr.supabase.co/storage/v1/object/public/item-images/flair/fountain_pens_flair_inky_beast_fountain_pen.webp"
"Flair","ANG-STA-0961","Flair Inky Roller Fountain Pen","Fountain Pens","ഫ്ലെയർ inky roller ഫൗണ്ടൻ പേന","50","2","https://aadutygzgrbexxuznqlr.supabase.co/storage/v1/object/public/item-images/flair/fountain_pens_flair_inky_roller_fountain_pen.webp"
"Flair","ANG-STA-0962","Flair Inky Pastela Fountain Pen","Fountain Pens","ഫ്ലെയർ inky pastela ഫൗണ്ടൻ പേന","50","2","https://aadutygzgrbexxuznqlr.supabase.co/storage/v1/object/public/item-images/flair/fountain_pens_flair_inky_woody_fountain_pen.png"
"Flair","ANG-STA-0963","Flair Inky Smilo Fountain Pen","Fountain Pens","ഫ്ലെയർ inky smilo ഫൗണ്ടൻ പേന","50","2","https://aadutygzgrbexxuznqlr.supabase.co/storage/v1/object/public/item-images/flair/fountain_pens_flair_inky_silvr_fountain_pen.png"
"Flair","ANG-STA-0964","Flair Inky Student Fountain Pen","Fountain Pens","ഫ്ലെയർ inky student ഫൗണ്ടൻ പേന","50","2","https://aadutygzgrbexxuznqlr.supabase.co/storage/v1/object/public/item-images/flair/fountain_pens_flair_inky_grippo_fountain_pen.png"
"Flair","ANG-STA-0965","Flair Noir Platinum Luxury Pen","Platinum Luxury Series","ഫ്ലെയർ noir പ്ലാറ്റിനം luxury പേന","350","2","https://aadutygzgrbexxuznqlr.supabase.co/storage/v1/object/public/item-images/flair/platinum_series_flair_noir_platinum_luxury_pen.webp"
"Flair","ANG-STA-0966","Flair Evoke Platinum Luxury Pen","Platinum Luxury Series","ഫ്ലെയർ evoke പ്ലാറ്റിനം luxury പേന","350","2","https://aadutygzgrbexxuznqlr.supabase.co/storage/v1/object/public/item-images/flair/platinum_series_flair_evoke_platinum_luxury_pen.webp"
"Flair","ANG-STA-0967","Flair Spectra Platinum Luxury Pen","Platinum Luxury Series","ഫ്ലെയർ spectra പ്ലാറ്റിനം luxury പേന","350","2","https://aadutygzgrbexxuznqlr.supabase.co/storage/v1/object/public/item-images/flair/platinum_series_flair_spectra_platinum_luxury_pen.webp"
"Flair","ANG-STA-0968","Flair Prime Platinum Luxury Pen","Platinum Luxury Series","ഫ്ലെയർ പ്രൈം പ്ലാറ്റിനം luxury പേന","350","2","https://aadutygzgrbexxuznqlr.supabase.co/storage/v1/object/public/item-images/flair/platinum_series_flair_prime_platinum_luxury_pen.webp"
"Flair","ANG-STA-0969","Flair Gold Touch Platinum Luxury Pen","Platinum Luxury Series","ഫ്ലെയർ gold touch പ്ലാറ്റിനം luxury പേന","350","2","https://aadutygzgrbexxuznqlr.supabase.co/storage/v1/object/public/item-images/flair/platinum_series_flair_gold_touch_platinum_luxury_pen.webp"
"Flair","ANG-STA-0970","Flair Ignite Platinum Luxury Pen","Platinum Luxury Series","ഫ്ലെയർ ignite പ്ലാറ്റിനം luxury പേന","350","2","https://aadutygzgrbexxuznqlr.supabase.co/storage/v1/object/public/item-images/flair/platinum_series_flair_ignite_platinum_luxury_pen.webp"
"Flair","ANG-STA-0971","Flair Vitron Platinum Luxury Pen","Platinum Luxury Series","ഫ്ലെയർ vitron പ്ലാറ്റിനം luxury പേന","350","2","https://aadutygzgrbexxuznqlr.supabase.co/storage/v1/object/public/item-images/flair/platinum_series_flair_vitron_platinum_luxury_pen.webp"
"Flair","ANG-STA-0972","Flair V - King Platinum Luxury Pen","Platinum Luxury Series","ഫ്ലെയർ v - king പ്ലാറ്റിനം luxury പേന","350","2","https://aadutygzgrbexxuznqlr.supabase.co/storage/v1/object/public/item-images/flair/platinum_series_flair_v_king_platinum_luxury_pen.webp"
"Flair","ANG-STA-0973","Flair Vibe Platinum Luxury Pen","Platinum Luxury Series","ഫ്ലെയർ vibe പ്ലാറ്റിനം luxury പേന","350","2","https://aadutygzgrbexxuznqlr.supabase.co/storage/v1/object/public/item-images/flair/platinum_series_flair_vibe_platinum_luxury_pen.webp"
"Flair","ANG-STA-0974","Flair Violin Platinum Luxury Pen","Platinum Luxury Series","ഫ്ലെയർ violin പ്ലാറ്റിനം luxury പേന","350","2","https://aadutygzgrbexxuznqlr.supabase.co/storage/v1/object/public/item-images/flair/platinum_series_flair_violin_platinum_luxury_pen.webp"
"Flair","ANG-STA-0975","Flair Stellar Platinum Luxury Pen","Platinum Luxury Series","ഫ്ലെയർ stellar പ്ലാറ്റിനം luxury പേന","350","2","https://aadutygzgrbexxuznqlr.supabase.co/storage/v1/object/public/item-images/flair/platinum_series_flair_stellar_platinum_luxury_pen.webp"
"Flair","ANG-STA-0976","Flair INKY Student Kit","Writing & Stationery Kits","ഫ്ലെയർ inky student കിറ്റ്","10","3","https://aadutygzgrbexxuznqlr.supabase.co/storage/v1/object/public/item-images/flair/writing_kits_flair_inky_student_kit.png"
"Flair","ANG-STA-0977","Flair INKY DX Student Kit","Writing & Stationery Kits","ഫ്ലെയർ inky dx student കിറ്റ്","10","3","https://aadutygzgrbexxuznqlr.supabase.co/storage/v1/object/public/item-images/flair/writing_kits_flair_inky_dx_student_kit.png"
"Flair","ANG-STA-0978","Flair YOLO Set","Gift Sets","ഫ്ലെയർ yolo set","180","2","https://aadutygzgrbexxuznqlr.supabase.co/storage/v1/object/public/item-images/flair/gift_sets_flair_yolo_set.png"
"Flair","ANG-STA-0979","Flair Writo-meter JUMBO Set","Gift Sets","ഫ്ലെയർ റൈറ്റോ-മീറ്റർ jumbo set","180","2","https://aadutygzgrbexxuznqlr.supabase.co/storage/v1/object/public/item-images/flair/gift_sets_flair_writo_meter_jumbo_set.webp"
"Flair","ANG-STA-0980","Flair Digital Set","Gift Sets","ഫ്ലെയർ digital set","180","2","https://aadutygzgrbexxuznqlr.supabase.co/storage/v1/object/public/item-images/flair/gift_sets_flair_digital_set.webp"
"Flair","ANG-STA-0981","Flair Writo-meter Set","Gift Sets","ഫ്ലെയർ റൈറ്റോ-മീറ്റർ set","180","2","https://aadutygzgrbexxuznqlr.supabase.co/storage/v1/object/public/item-images/flair/gift_sets_flair_writo_meter_set.webp"
"Flair","ANG-STA-0982","Flair Rapid-Gel Set","Gift Sets","ഫ്ലെയർ rapid-gel set","180","2","https://aadutygzgrbexxuznqlr.supabase.co/storage/v1/object/public/item-images/flair/gift_sets_flair_rapid_gel_set.webp"
"Flair","ANG-STA-0983","Flair Marathon Set","Gift Sets","ഫ്ലെയർ marathon set","180","2","https://aadutygzgrbexxuznqlr.supabase.co/storage/v1/object/public/item-images/flair/gift_sets_flair_marathon_set.webp"
"Flair","ANG-STA-0984","Flair 1 Pc. Box & Hanger Refill Pack","Refills & Packaging","ഫ്ലെയർ 1 pc. box & hanger റീഫിൽ പാക്ക്","25","2","https://aadutygzgrbexxuznqlr.supabase.co/storage/v1/object/public/item-images/flair/packaging_flair_1_pc_box_hanger_refill_pack.webp"
"Flair","ANG-STA-0985","Flair 10 Pcs. Box Refill Pack","Refills & Packaging","ഫ്ലെയർ 10 pcs. box റീഫിൽ പാക്ക്","25","2","https://aadutygzgrbexxuznqlr.supabase.co/storage/v1/object/public/item-images/flair/packaging_flair_10_pcs_box_refill_pack.webp"
"Flair","ANG-STA-0986","Flair 1 Pc. Pouch & Box Refill Pack","Refills & Packaging","ഫ്ലെയർ 1 pc. pouch & box റീഫിൽ പാക്ക്","25","2","https://aadutygzgrbexxuznqlr.supabase.co/storage/v1/object/public/item-images/flair/packaging_flair_1_pc_pouch_box_refill_pack.webp"
"Flair","ANG-STA-0987","Flair 1 Pc. Blister Card Refill Pack","Refills & Packaging","ഫ്ലെയർ 1 pc. blister card റീഫിൽ പാക്ക്","25","2","https://aadutygzgrbexxuznqlr.supabase.co/storage/v1/object/public/item-images/flair/packaging_flair_1_pc_blister_card_refill_pack.webp"
"Flair","ANG-STA-0988","Flair Gift Pack","Refills & Packaging","ഫ്ലെയർ gift pack","25","2","https://aadutygzgrbexxuznqlr.supabase.co/storage/v1/object/public/item-images/flair/packaging_flair_gift_pack.webp"
"Flair","ANG-STA-0989","Flair 10 Pcs. Display Card Refill Pack","Refills & Packaging","ഫ്ലെയർ 10 pcs. display card റീഫിൽ പാക്ക്","25","2","https://aadutygzgrbexxuznqlr.supabase.co/storage/v1/object/public/item-images/flair/packaging_flair_10_pcs_display_card_refill_pack.webp"
"Flair","ANG-STA-0990","Flair 5 Pcs. Pouch Refill Pack","Refills & Packaging","ഫ്ലെയർ 5 pcs. pouch റീഫിൽ പാക്ക്","25","2","https://aadutygzgrbexxuznqlr.supabase.co/storage/v1/object/public/item-images/flair/packaging_flair_5_pcs_pouch_refill_pack.webp"
"Flair","ANG-STA-0991","Flair 10 Pcs. Pouch Refill Pack","Refills & Packaging","ഫ്ലെയർ 10 pcs. pouch റീഫിൽ പാക്ക്","25","2","https://aadutygzgrbexxuznqlr.supabase.co/storage/v1/object/public/item-images/flair/packaging_flair_10_pcs_pouch_refill_pack.webp"
"Flair","ANG-STA-0992","Flair Cardboard Stand Refill Pack","Refills & Packaging","ഫ്ലെയർ cardboard stand റീഫിൽ പാക്ക്","25","2","https://aadutygzgrbexxuznqlr.supabase.co/storage/v1/object/public/item-images/flair/packaging_flair_cardboard_stand_refill_pack.webp"
"Flair","ANG-STA-0993","Flair Stands Refill Pack","Refills & Packaging","ഫ്ലെയർ stands റീഫിൽ പാക്ക്","25","2","https://aadutygzgrbexxuznqlr.supabase.co/storage/v1/object/public/item-images/flair/packaging_flair_stands_refill_pack.webp"