Product Name,Category,Code,Malayalam Name,Variants,Selling Price,Original Price (MRP),Image URL
"Skei Blueberry Ice Cream (Tub)","Desserts & Ice Creams","ANG-DES-0201","സ്കീ ബ്ലൂബെറി ഐസ് ക്രീം ടബ്ബ്","500 ml; 1 L","₹140; ₹250","₹140; ₹250","https://aadutygzgrbexxuznqlr.supabase.co/storage/v1/object/public/item-images/skei/1l-02.jpg"
"Skei Chocolate Ice Cream (Tub)","Desserts & Ice Creams","ANG-DES-0202","സ്കീ ചോക്ലേറ്റ് ഐസ് ക്രീം ടബ്ബ്","500 ml; 1 L","₹140; ₹250","₹140; ₹250","https://aadutygzgrbexxuznqlr.supabase.co/storage/v1/object/public/item-images/skei/1l-14.jpg"
"Skei Cookies & Cream Ice Cream (Tub)","Desserts & Ice Creams","ANG-DES-0203","സ്കീ കുക്കീസ് & ക്രീം ഐസ് ക്രീം ടബ്ബ്","500 ml; 1 L","₹140; ₹250","₹140; ₹250","https://aadutygzgrbexxuznqlr.supabase.co/storage/v1/object/public/item-images/skei/1l-04.jpg"
"Skei Jackfruit Ice Cream (Tub)","Desserts & Ice Creams","ANG-DES-0204","സ്കീ ചക്ക (ജാക്ക്ഫ്രൂട്ട്) ഐസ് ക്രീം ടബ്ബ്","500 ml; 1 L","₹140; ₹250","₹140; ₹250","https://aadutygzgrbexxuznqlr.supabase.co/storage/v1/object/public/item-images/skei/1l-05.jpg"
"Skei Mango Alphonso Ice Cream (Tub)","Desserts & Ice Creams","ANG-DES-0205","സ്കീ മാംഗോ അൽഫോൻസോ ഐസ് ക്രീം ടബ്ബ്","500 ml; 1 L","₹140; ₹250","₹140; ₹250","https://aadutygzgrbexxuznqlr.supabase.co/storage/v1/object/public/item-images/skei/1l-01.jpg"
"Skei Nut Butterscotch Ice Cream (Tub)","Desserts & Ice Creams","ANG-DES-0206","സ്കീ Nut ബട്ടർസ്കോച്ച് ഐസ് ക്രീം ടബ്ബ്","500 ml; 1 L","₹140; ₹250","₹140; ₹250","https://aadutygzgrbexxuznqlr.supabase.co/storage/v1/object/public/item-images/skei/1l-06.jpg"
"Skei Pista Ice Cream (Tub)","Desserts & Ice Creams","ANG-DES-0207","സ്കീ പിസ്ത ഐസ് ക്രീം ടബ്ബ്","500 ml; 1 L","₹140; ₹250","₹140; ₹250","https://aadutygzgrbexxuznqlr.supabase.co/storage/v1/object/public/item-images/skei/1l-07.jpg"
"Skei Rajbhog Ice Cream (Tub)","Desserts & Ice Creams","ANG-DES-0208","സ്കീ രാജ്ഭോഗ് ഐസ് ക്രീം ടബ്ബ്","125 ml; 500 ml; 1 L","₹45; ₹160; ₹280","₹45; ₹160; ₹280","https://aadutygzgrbexxuznqlr.supabase.co/storage/v1/object/public/item-images/skei/1l-08.jpg"
"Skei Red Velvet Ice Cream (Tub)","Desserts & Ice Creams","ANG-DES-0209","സ്കീ റെഡ് വെൽവെറ്റ് ഐസ് ക്രീം ടബ്ബ്","125 ml; 500 ml; 1 L","₹45; ₹160; ₹280","₹45; ₹160; ₹280","https://aadutygzgrbexxuznqlr.supabase.co/storage/v1/object/public/item-images/skei/1l-09.jpg"
"Skei Spanish Delight Ice Cream (Tub)","Desserts & Ice Creams","ANG-DES-0210","സ്കീ സ്പാനിഷ് ഡിലൈറ്റ് ഐസ് ക്രീം ടബ്ബ്","125 ml; 500 ml; 1 L","₹45; ₹160; ₹280","₹45; ₹160; ₹280","https://aadutygzgrbexxuznqlr.supabase.co/storage/v1/object/public/item-images/skei/1l-10.jpg"
"Skei Strawberry Ice Cream (Tub)","Desserts & Ice Creams","ANG-DES-0211","സ്കീ സ്ട്രോബെറി ഐസ് ക്രീം ടബ്ബ്","500 ml; 1 L","₹140; ₹250","₹140; ₹250","https://aadutygzgrbexxuznqlr.supabase.co/storage/v1/object/public/item-images/skei/1l-11.jpg"
"Skei Tender Coconut Ice Cream (Tub)","Desserts & Ice Creams","ANG-DES-0212","സ്കീ ഇളനീർ (ടെൻഡർ കോക്കനട്ട്) ഐസ് ക്രീം ടബ്ബ്","125 ml; 500 ml; 1 L","₹45; ₹160; ₹280","₹45; ₹160; ₹280","https://aadutygzgrbexxuznqlr.supabase.co/storage/v1/object/public/item-images/skei/1l-12.jpg"
"Skei Vanilla Ice Cream (Tub)","Desserts & Ice Creams","ANG-DES-0213","സ്കീ വാനില ഐസ് ക്രീം ടബ്ബ്","500 ml; 1 L","₹140; ₹250","₹140; ₹250","https://aadutygzgrbexxuznqlr.supabase.co/storage/v1/object/public/item-images/skei/1l-13.jpg"
"Skei Black Current Ice Cream (Cone)","Desserts & Ice Creams","ANG-DES-0214","സ്കീ ബ്ലാക്ക് കറന്റ് ഐസ് ക്രീം കോൺ","120 ml","₹45","₹45","https://aadutygzgrbexxuznqlr.supabase.co/storage/v1/object/public/item-images/skei/cones-01.jpg"
"Skei Butterscotch Ice Cream (Cone)","Desserts & Ice Creams","ANG-DES-0215","സ്കീ ബട്ടർസ്കോച്ച് ഐസ് ക്രീം കോൺ","120 ml","₹45","₹45","https://aadutygzgrbexxuznqlr.supabase.co/storage/v1/object/public/item-images/skei/cones-05.jpg"
"Skei Chocolate Ice Cream (Cone)","Desserts & Ice Creams","ANG-DES-0216","സ്കീ ചോക്ലേറ്റ് ഐസ് ക്രീം കോൺ","120 ml","₹45","₹45","https://aadutygzgrbexxuznqlr.supabase.co/storage/v1/object/public/item-images/skei/cones-06.jpg"
"Skei Coneic Chocolate Ice Cream (Cone)","Desserts & Ice Creams","ANG-DES-0217","സ്കീ കോണിക് ചോക്ലേറ്റ് ഐസ് ക്രീം കോൺ","120 ml","₹45","₹45","https://aadutygzgrbexxuznqlr.supabase.co/storage/v1/object/public/item-images/skei/cones-10.jpg"
"Skei Cookies & Cream Ice Cream (Cone)","Desserts & Ice Creams","ANG-DES-0218","സ്കീ കുക്കീസ് & ക്രീം ഐസ് ക്രീം കോൺ","120 ml","₹45","₹45","https://aadutygzgrbexxuznqlr.supabase.co/storage/v1/object/public/item-images/skei/cones-03.jpg"
"Skei Pista Ice Cream (Cone)","Desserts & Ice Creams","ANG-DES-0219","സ്കീ പിസ്ത ഐസ് ക്രീം കോൺ","120 ml","₹45","₹45","https://aadutygzgrbexxuznqlr.supabase.co/storage/v1/object/public/item-images/skei/cones-12.jpg"
"Skei Vanilla Ice Cream (Cone)","Desserts & Ice Creams","ANG-DES-0220","സ്കീ വാനില ഐസ് ക്രീം കോൺ","120 ml","₹45","₹45","https://aadutygzgrbexxuznqlr.supabase.co/storage/v1/object/public/item-images/skei/cones-07.jpg"
"Skei Arabian Fiesta Ice Cream (Cone)","Desserts & Ice Creams","ANG-DES-0221","സ്കീ അറേബ്യൻ ഫിയെസ്റ്റ ഐസ് ക്രീം കോൺ","120 ml","₹45","₹45","https://aadutygzgrbexxuznqlr.supabase.co/storage/v1/object/public/item-images/skei/cones-11.jpg"
"Skei Fun Cone Chocolate Ice Cream (Cone)","Desserts & Ice Creams","ANG-DES-0222","സ്കീ ഫൺ കോൺ ചോക്ലേറ്റ് ഐസ് ക്രീം കോൺ","120 ml","₹45","₹45","https://aadutygzgrbexxuznqlr.supabase.co/storage/v1/object/public/item-images/skei/cones-09.jpg"
"Skei Fun Cone Ice Cream (Cone)","Desserts & Ice Creams","ANG-DES-0223","സ്കീ ഫൺ കോൺ ഐസ് ക്രീം കോൺ","120 ml","₹45","₹45","https://aadutygzgrbexxuznqlr.supabase.co/storage/v1/object/public/item-images/skei/cones-08.jpg"
"Skei Cup Chocolate Ice Cream (Cup)","Desserts & Ice Creams","ANG-DES-0224","സ്കീ കപ്പ് ചോക്ലേറ്റ് ഐസ് ക്രീം കപ്പ്","100 ml","₹30","₹30","https://aadutygzgrbexxuznqlr.supabase.co/storage/v1/object/public/item-images/skei/cups-01.jpg"
"Skei Cup Pista Ice Cream (Cup)","Desserts & Ice Creams","ANG-DES-0225","സ്കീ കപ്പ് പിസ്ത ഐസ് ക്രീം കപ്പ്","100 ml","₹30","₹30","https://aadutygzgrbexxuznqlr.supabase.co/storage/v1/object/public/item-images/skei/cups-04.jpg"
"Skei Cup Strawberry Ice Cream (Cup)","Desserts & Ice Creams","ANG-DES-0226","സ്കീ കപ്പ് സ്ട്രോബെറി ഐസ് ക്രീം കപ്പ്","100 ml","₹30","₹30","https://aadutygzgrbexxuznqlr.supabase.co/storage/v1/object/public/item-images/skei/cups-03.jpg"
"Skei Cup Vanilla Ice Cream (Cup)","Desserts & Ice Creams","ANG-DES-0227","സ്കീ കപ്പ് വാനില ഐസ് ക്രീം കപ്പ്","100 ml","₹30","₹30","https://aadutygzgrbexxuznqlr.supabase.co/storage/v1/object/public/item-images/skei/cups-02.jpg"
"Skei Green Apple Double Ice Cream (Stick / Bar)","Desserts & Ice Creams","ANG-DES-0228","സ്കീ ഗ്രീൻ ആപ്പിൾ Double ഐസ് ക്രീം സ്റ്റിക്ക് ബാർ","70 ml","₹35","₹35","https://aadutygzgrbexxuznqlr.supabase.co/storage/v1/object/public/item-images/skei/sticks-06.jpg"
"Skei Orange Ice Cream (Stick / Bar)","Desserts & Ice Creams","ANG-DES-0229","സ്കീ ഓറഞ്ച് ഐസ് ക്രീം സ്റ്റിക്ക് ബാർ","70 ml","₹35","₹35","https://aadutygzgrbexxuznqlr.supabase.co/storage/v1/object/public/item-images/skei/grape_orange-15.jpg"
"Skei Grape Ice Cream (Stick / Bar)","Desserts & Ice Creams","ANG-DES-0230","സ്കീ ഗ്രേപ്പ് ഐസ് ക്രീം സ്റ്റിക്ക് ബാർ","70 ml","₹35","₹35","https://aadutygzgrbexxuznqlr.supabase.co/storage/v1/object/public/item-images/skei/grape_lolly-14.jpg"
"Skei Raspberry Double Ice Cream (Stick / Bar)","Desserts & Ice Creams","ANG-DES-0231","സ്കീ റാസ്പ്ബെറി Double ഐസ് ക്രീം സ്റ്റിക്ക് ബാർ","70 ml","₹35","₹35","https://aadutygzgrbexxuznqlr.supabase.co/storage/v1/object/public/item-images/skei/sticks-07.jpg"
"Skei Mango Duble Ice Cream (Stick / Bar)","Desserts & Ice Creams","ANG-DES-0232","സ്കീ മാംഗോ Duble ഐസ് ക്രീം സ്റ്റിക്ക് ബാർ","70 ml","₹35","₹35","https://aadutygzgrbexxuznqlr.supabase.co/storage/v1/object/public/item-images/skei/sticks-03.jpg"
"Skei Blue Boom Ice Cream (Stick / Bar)","Desserts & Ice Creams","ANG-DES-0233","സ്കീ ബ്ലൂ ബൂം ഐസ് ക്രീം സ്റ്റിക്ക് ബാർ","70 ml","₹35","₹35","https://aadutygzgrbexxuznqlr.supabase.co/storage/v1/object/public/item-images/skei/blue_boom-10.jpg"
"Skei Twister Passion Fruit Ice Cream (Stick / Bar)","Desserts & Ice Creams","ANG-DES-0234","സ്കീ ട്വിസ്റ്റർ പാഷൻ ഫ്രൂട്ട് ഐസ് ക്രീം സ്റ്റിക്ക് ബാർ","70 ml","₹35","₹35","https://aadutygzgrbexxuznqlr.supabase.co/storage/v1/object/public/item-images/skei/sticks-08.jpg"
"Skei Mini Chocobar Ice Cream (Stick / Bar)","Desserts & Ice Creams","ANG-DES-0235","സ്കീ മിനി ചോക്കോബാർ ഐസ് ക്രീം സ്റ്റിക്ക് ബാർ","45 ml","₹25","₹25","https://aadutygzgrbexxuznqlr.supabase.co/storage/v1/object/public/item-images/skei/mini_chocobar-05.jpg"
"Skei Crack Bar Ice Cream (Stick / Bar)","Desserts & Ice Creams","ANG-DES-0236","സ്കീ ക്രാക്ക് ബാർ ഐസ് ക്രീം സ്റ്റിക്ക് ബാർ","80 ml","₹45","₹45","https://aadutygzgrbexxuznqlr.supabase.co/storage/v1/object/public/item-images/skei/crack_bar-05.jpg"
"Skei Malai Kulfi Ice Cream (Stick / Bar)","Desserts & Ice Creams","ANG-DES-0237","സ്കീ മലായ് കുൾഫി ഐസ് ക്രീം സ്റ്റിക്ക് ബാർ","70 ml","₹35","₹35","https://aadutygzgrbexxuznqlr.supabase.co/storage/v1/object/public/item-images/skei/malai_kulfi-10.jpg"
"Skei Big Chocobar Ice Cream (Stick / Bar)","Desserts & Ice Creams","ANG-DES-0238","സ്കീ ബിഗ് ചോക്കോബാർ ഐസ് ക്രീം സ്റ്റിക്ക് ബാർ","80 ml","₹45","₹45","https://aadutygzgrbexxuznqlr.supabase.co/storage/v1/object/public/item-images/skei/sticks-04.jpg"
"Skei Caramel Sundae Ice Cream (Sundae)","Desserts & Ice Creams","ANG-DES-0239","സ്കീ കാരമൽ സൺഡേ ഐസ് ക്രീം സൺഡേ","150 ml","₹65","₹65","https://aadutygzgrbexxuznqlr.supabase.co/storage/v1/object/public/item-images/skei/sundae-05.jpg"
"Skei Chocolate Twist Ice Cream (Sundae)","Desserts & Ice Creams","ANG-DES-0240","സ്കീ ചോക്ലേറ്റ് ട്വിസ്റ്റ് ഐസ് ക്രീം സൺഡേ","150 ml","₹65","₹65","https://aadutygzgrbexxuznqlr.supabase.co/storage/v1/object/public/item-images/skei/sundae-04.jpg"
"Skei Sundae Strawberry Ice Cream (Sundae)","Desserts & Ice Creams","ANG-DES-0241","സ്കീ സൺഡേ സ്ട്രോബെറി ഐസ് ക്രീം സൺഡേ","150 ml","₹65","₹65","https://aadutygzgrbexxuznqlr.supabase.co/storage/v1/object/public/item-images/skei/sundae-03.jpg"
"Skei Sundae Pista Ice Cream (Sundae)","Desserts & Ice Creams","ANG-DES-0242","സ്കീ സൺഡേ പിസ്ത ഐസ് ക്രീം സൺഡേ","150 ml","₹65","₹65","https://aadutygzgrbexxuznqlr.supabase.co/storage/v1/object/public/item-images/skei/sundae-02.jpg"
"Skei Sundae Mango Ice Cream (Sundae)","Desserts & Ice Creams","ANG-DES-0243","സ്കീ സൺഡേ മാംഗോ ഐസ് ക്രീം സൺഡേ","150 ml","₹65","₹65","https://aadutygzgrbexxuznqlr.supabase.co/storage/v1/object/public/item-images/skei/sundae-01.jpg"
"Skei Gudbud Ice Cream (Sundae)","Desserts & Ice Creams","ANG-DES-0244","സ്കീ ഗഡ്ബഡ് ഐസ് ക്രീം സൺഡേ","150 ml","₹65","₹65","https://aadutygzgrbexxuznqlr.supabase.co/storage/v1/object/public/item-images/skei/sundae-06.jpg"
"Vesta Arabian Delite Ice Cream","Desserts & Ice Creams","ANG-DES-0245","വെസ്റ്റ അറേബ്യൻ ഡിലൈറ്റ് ഐസ് ക്രീം","150 ml","₹70","₹70","https://aadutygzgrbexxuznqlr.supabase.co/storage/v1/object/public/item-images/vesta/p2-arabian-delite-1.png"
"Vesta Arabian Delite 100ml Ice Cream","Desserts & Ice Creams","ANG-DES-0246","വെസ്റ്റ അറേബ്യൻ ഡിലൈറ്റ് 100ml ഐസ് ക്രീം","100 ml","₹35","₹35","https://aadutygzgrbexxuznqlr.supabase.co/storage/v1/object/public/item-images/vesta/arabian-delite-100ml.png"
"Vesta Black Currant 1L Ice Cream","Desserts & Ice Creams","ANG-DES-0247","വെസ്റ്റ ബ്ലാക്ക് കറന്റ് 1L ഐസ് ക്രീം","1 L","₹260","₹260","https://aadutygzgrbexxuznqlr.supabase.co/storage/v1/object/public/item-images/vesta/black-currant-1000ml.png"
"Vesta Black Currant 500ml Ice Cream","Desserts & Ice Creams","ANG-DES-0248","വെസ്റ്റ ബ്ലാക്ക് കറന്റ് 500ml ഐസ് ക്രീം","500 ml","₹150","₹150","https://aadutygzgrbexxuznqlr.supabase.co/storage/v1/object/public/item-images/vesta/black-currant-vesta.png"
"Vesta Black Currant Conevita Ice Cream","Desserts & Ice Creams","ANG-DES-0249","വെസ്റ്റ ബ്ലാക്ക് കറന്റ് കോൺവിറ്റ ഐസ് ക്രീം","120 ml","₹50","₹50","https://aadutygzgrbexxuznqlr.supabase.co/storage/v1/object/public/item-images/vesta/black-currant-convevita.png"
"Vesta Black Currant Sundae Ice Cream","Desserts & Ice Creams","ANG-DES-0250","വെസ്റ്റ ബ്ലാക്ക് കറന്റ് സൺഡേ ഐസ് ക്രീം","150 ml","₹70","₹70","https://aadutygzgrbexxuznqlr.supabase.co/storage/v1/object/public/item-images/vesta/sundae-black-currant.png"
"Vesta Butterscotch 1l Ice Cream","Desserts & Ice Creams","ANG-DES-0251","വെസ്റ്റ ബട്ടർസ്കോച്ച് 1l ഐസ് ക്രീം","1 L","₹260","₹260","https://aadutygzgrbexxuznqlr.supabase.co/storage/v1/object/public/item-images/vesta/butterscotch-1000ml.png"
"Vesta Butterscotch 500ml Ice Cream","Desserts & Ice Creams","ANG-DES-0252","വെസ്റ്റ ബട്ടർസ്കോച്ച് 500ml ഐസ് ക്രീം","500 ml","₹150","₹150","https://aadutygzgrbexxuznqlr.supabase.co/storage/v1/object/public/item-images/vesta/butterscotch-vesta.png"
"Vesta Butterscotch Conevita Ice Cream","Desserts & Ice Creams","ANG-DES-0253","വെസ്റ്റ ബട്ടർസ്കോച്ച് കോൺവിറ്റ ഐസ് ക്രീം","120 ml","₹50","₹50","https://aadutygzgrbexxuznqlr.supabase.co/storage/v1/object/public/item-images/vesta/butterscotch-convevita-1.png"
"Vesta Butterscotch Conevita Vegan Ice Cream","Desserts & Ice Creams","ANG-DES-0254","വെസ്റ്റ ബട്ടർസ്കോച്ച് കോൺവിറ്റ വീഗൻ ഐസ് ക്രീം","120 ml","₹50","₹50","https://aadutygzgrbexxuznqlr.supabase.co/storage/v1/object/public/item-images/vesta/butterscotch-vegan-conevita.png"
"Vesta Butterscotch Vegan Ice Cream","Desserts & Ice Creams","ANG-DES-0255","വെസ്റ്റ ബട്ടർസ്കോച്ച് വീഗൻ ഐസ് ക്രീം","500 ml; 1 L","₹150; ₹260","₹150; ₹260","https://aadutygzgrbexxuznqlr.supabase.co/storage/v1/object/public/item-images/vesta/butterscotch-vegan.png"
"Vesta Caramel 1l Ice Cream","Desserts & Ice Creams","ANG-DES-0256","വെസ്റ്റ കാരമൽ 1l ഐസ് ക്രീം","1 L","₹260","₹260","https://aadutygzgrbexxuznqlr.supabase.co/storage/v1/object/public/item-images/vesta/caramel-1000ml.png"
"Vesta Caramel Sundae Ice Cream","Desserts & Ice Creams","ANG-DES-0257","വെസ്റ്റ കാരമൽ സൺഡേ ഐസ് ക്രീം","150 ml","₹70","₹70","https://aadutygzgrbexxuznqlr.supabase.co/storage/v1/object/public/item-images/vesta/sundae-caramel.png"
"Vesta Choco Bar Ice Cream","Desserts & Ice Creams","ANG-DES-0258","വെസ്റ്റ Choco ബാർ ഐസ് ക്രീം","70 ml","₹35","₹35","https://aadutygzgrbexxuznqlr.supabase.co/storage/v1/object/public/item-images/vesta/choco-bar2.png"
"Vesta Chocobar Vegan Ice Cream","Desserts & Ice Creams","ANG-DES-0259","വെസ്റ്റ ചോക്കോബാർ വീഗൻ ഐസ് ക്രീം","70 ml","₹35","₹35","https://aadutygzgrbexxuznqlr.supabase.co/storage/v1/object/public/item-images/vesta/chocobar-vegan.png"
"Vesta Chocolate 1l Ice Cream","Desserts & Ice Creams","ANG-DES-0260","വെസ്റ്റ ചോക്ലേറ്റ് 1l ഐസ് ക്രീം","1 L","₹260","₹260","https://aadutygzgrbexxuznqlr.supabase.co/storage/v1/object/public/item-images/vesta/chocolate-1000ml.png"
"Vesta Chocolate 500ml Ice Cream","Desserts & Ice Creams","ANG-DES-0261","വെസ്റ്റ ചോക്ലേറ്റ് 500ml ഐസ് ക്രീം","500 ml","₹150","₹150","https://aadutygzgrbexxuznqlr.supabase.co/storage/v1/object/public/item-images/vesta/chocolate-vesta.png"
"Vesta Chocolate Conevita Ice Cream","Desserts & Ice Creams","ANG-DES-0262","വെസ്റ്റ ചോക്ലേറ്റ് കോൺവിറ്റ ഐസ് ക്രീം","120 ml","₹50","₹50","https://aadutygzgrbexxuznqlr.supabase.co/storage/v1/object/public/item-images/vesta/chocolate-convevita.png"
"Vesta Chocolate Conevita Vegan Ice Cream","Desserts & Ice Creams","ANG-DES-0263","വെസ്റ്റ ചോക്ലേറ്റ് കോൺവിറ്റ വീഗൻ ഐസ് ക്രീം","120 ml","₹50","₹50","https://aadutygzgrbexxuznqlr.supabase.co/storage/v1/object/public/item-images/vesta/chocolate-vegan-conevita.png"
"Vesta Chocolate Sundae Ice Cream","Desserts & Ice Creams","ANG-DES-0264","വെസ്റ്റ ചോക്ലേറ്റ് സൺഡേ ഐസ് ക്രീം","150 ml","₹70","₹70","https://aadutygzgrbexxuznqlr.supabase.co/storage/v1/object/public/item-images/vesta/sundae-chocolate.png"
"Vesta Chocolate Vegan Ice Cream","Desserts & Ice Creams","ANG-DES-0265","വെസ്റ്റ ചോക്ലേറ്റ് വീഗൻ ഐസ് ക്രീം","500 ml; 1 L","₹150; ₹260","₹150; ₹260","https://aadutygzgrbexxuznqlr.supabase.co/storage/v1/object/public/item-images/vesta/chocolate-vegan.png"
"Vesta Dailee Strawberry Ice Cream","Desserts & Ice Creams","ANG-DES-0266","വെസ്റ്റ Dailee സ്ട്രോബെറി ഐസ് ക്രീം","500 ml; 1 L","₹150; ₹260","₹150; ₹260","https://aadutygzgrbexxuznqlr.supabase.co/storage/v1/object/public/item-images/vesta/dailee-strawberry.png"
"Vesta English Walnut 1l Ice Cream","Desserts & Ice Creams","ANG-DES-0267","വെസ്റ്റ English Walnut 1l ഐസ് ക്രീം","1 L","₹260","₹260","https://aadutygzgrbexxuznqlr.supabase.co/storage/v1/object/public/item-images/vesta/english-walnut-1000ml.png"
"Vesta Fig &#038; Honey Ice Cream","Desserts & Ice Creams","ANG-DES-0268","വെസ്റ്റ ഫിഗ് (അത്തിപ്പഴം) &#038; തേൻ ഐസ് ക്രീം","500 ml; 1 L","₹150; ₹260","₹150; ₹260","https://aadutygzgrbexxuznqlr.supabase.co/storage/v1/object/public/item-images/vesta/p3-fig-honey.png"
"Vesta Fig &#038; Honey 1l Ice Cream","Desserts & Ice Creams","ANG-DES-0269","വെസ്റ്റ ഫിഗ് (അത്തിപ്പഴം) &#038; തേൻ 1l ഐസ് ക്രീം","1 L","₹260","₹260","https://aadutygzgrbexxuznqlr.supabase.co/storage/v1/object/public/item-images/vesta/fig-honey-1000ml.png"
"Vesta Fig &#038; Honey Sundae Ice Cream","Desserts & Ice Creams","ANG-DES-0270","വെസ്റ്റ ഫിഗ് (അത്തിപ്പഴം) &#038; തേൻ സൺഡേ ഐസ് ക്രീം","150 ml","₹70","₹70","https://aadutygzgrbexxuznqlr.supabase.co/storage/v1/object/public/item-images/vesta/sundae-fig-honey.png"
"Vesta Fruitae Mango Ice Cream","Desserts & Ice Creams","ANG-DES-0271","വെസ്റ്റ Fruitae മാംഗോ ഐസ് ക്രീം","500 ml; 1 L","₹150; ₹260","₹150; ₹260","https://aadutygzgrbexxuznqlr.supabase.co/storage/v1/object/public/item-images/vesta/fruitae-mango.png"
"Vesta Fruitae Pineapple Ice Cream","Desserts & Ice Creams","ANG-DES-0272","വെസ്റ്റ Fruitae Pineapple ഐസ് ക്രീം","500 ml; 1 L","₹150; ₹260","₹150; ₹260","https://aadutygzgrbexxuznqlr.supabase.co/storage/v1/object/public/item-images/vesta/fruitae-pineapple.png"
"Vesta Fruitae Strawberry Ice Cream","Desserts & Ice Creams","ANG-DES-0273","വെസ്റ്റ Fruitae സ്ട്രോബെറി ഐസ് ക്രീം","500 ml; 1 L","₹150; ₹260","₹150; ₹260","https://aadutygzgrbexxuznqlr.supabase.co/storage/v1/object/public/item-images/vesta/fruitae-strawberry.png"
"Vesta Golden Fantasy Ice Cream","Desserts & Ice Creams","ANG-DES-0274","വെസ്റ്റ Golden Fantasy ഐസ് ക്രീം","500 ml; 1 L","₹150; ₹260","₹150; ₹260","https://aadutygzgrbexxuznqlr.supabase.co/storage/v1/object/public/item-images/vesta/p3-golden-fantasy.png"
"Vesta Golden Fantasy 100ml Ice Cream","Desserts & Ice Creams","ANG-DES-0275","വെസ്റ്റ Golden Fantasy 100ml ഐസ് ക്രീം","100 ml","₹35","₹35","https://aadutygzgrbexxuznqlr.supabase.co/storage/v1/object/public/item-images/vesta/golden-fantasy-100ml.png"
"Vesta Ice Crush Mango Ice Cream","Desserts & Ice Creams","ANG-DES-0276","വെസ്റ്റ Ice Crush മാംഗോ ഐസ് ക്രീം","500 ml; 1 L","₹150; ₹260","₹150; ₹260","https://aadutygzgrbexxuznqlr.supabase.co/storage/v1/object/public/item-images/vesta/ice-crush-mango.png"
"Vesta Ice Crush Pineapple Ice Cream","Desserts & Ice Creams","ANG-DES-0277","വെസ്റ്റ Ice Crush Pineapple ഐസ് ക്രീം","500 ml; 1 L","₹150; ₹260","₹150; ₹260","https://aadutygzgrbexxuznqlr.supabase.co/storage/v1/object/public/item-images/vesta/ice-crush-pineapple.png"
"Vesta Ice Crush Strawberry Ice Cream","Desserts & Ice Creams","ANG-DES-0278","വെസ്റ്റ Ice Crush സ്ട്രോബെറി ഐസ് ക്രീം","500 ml; 1 L","₹150; ₹260","₹150; ₹260","https://aadutygzgrbexxuznqlr.supabase.co/storage/v1/object/public/item-images/vesta/ice-crush-strawberry.png"
"Vesta Jack Fruit 1l Ice Cream","Desserts & Ice Creams","ANG-DES-0279","വെസ്റ്റ Jack Fruit 1l ഐസ് ക്രീം","1 L","₹260","₹260","https://aadutygzgrbexxuznqlr.supabase.co/storage/v1/object/public/item-images/vesta/jack-fruit-1000ml.png"
"Vesta Jack Fruit 500ml Ice Cream","Desserts & Ice Creams","ANG-DES-0280","വെസ്റ്റ Jack Fruit 500ml ഐസ് ക്രീം","500 ml","₹150","₹150","https://aadutygzgrbexxuznqlr.supabase.co/storage/v1/object/public/item-images/vesta/jack-fruit-vesta.png"
"Vesta Mango 1l Ice Cream","Desserts & Ice Creams","ANG-DES-0281","വെസ്റ്റ മാംഗോ 1l ഐസ് ക്രീം","1 L","₹260","₹260","https://aadutygzgrbexxuznqlr.supabase.co/storage/v1/object/public/item-images/vesta/mango-1000ml.png"
"Vesta Mango 500ml Ice Cream","Desserts & Ice Creams","ANG-DES-0282","വെസ്റ്റ മാംഗോ 500ml ഐസ് ക്രീം","500 ml","₹150","₹150","https://aadutygzgrbexxuznqlr.supabase.co/storage/v1/object/public/item-images/vesta/mango-vesta.png"
"Vesta Mango Bar Ice Cream","Desserts & Ice Creams","ANG-DES-0283","വെസ്റ്റ മാംഗോ ബാർ ഐസ് ക്രീം","70 ml","₹35","₹35","https://aadutygzgrbexxuznqlr.supabase.co/storage/v1/object/public/item-images/vesta/mango-bar.png"
"Vesta Mango Conevita Ice Cream","Desserts & Ice Creams","ANG-DES-0284","വെസ്റ്റ മാംഗോ കോൺവിറ്റ ഐസ് ക്രീം","120 ml","₹50","₹50","https://aadutygzgrbexxuznqlr.supabase.co/storage/v1/object/public/item-images/vesta/mango-convevita.png"
"Vesta Mango Vegan Ice Cream","Desserts & Ice Creams","ANG-DES-0285","വെസ്റ്റ മാംഗോ വീഗൻ ഐസ് ക്രീം","500 ml; 1 L","₹150; ₹260","₹150; ₹260","https://aadutygzgrbexxuznqlr.supabase.co/storage/v1/object/public/item-images/vesta/mango-vegan.png"
"Vesta Milk Lolly Chocolate Ice Cream","Desserts & Ice Creams","ANG-DES-0286","വെസ്റ്റ Milk Lolly ചോക്ലേറ്റ് ഐസ് ക്രീം","500 ml; 1 L","₹150; ₹260","₹150; ₹260","https://aadutygzgrbexxuznqlr.supabase.co/storage/v1/object/public/item-images/vesta/milk-lolly-chocolate.png"
"Vesta Milk Lolly Mango Ice Cream","Desserts & Ice Creams","ANG-DES-0287","വെസ്റ്റ Milk Lolly മാംഗോ ഐസ് ക്രീം","500 ml; 1 L","₹150; ₹260","₹150; ₹260","https://aadutygzgrbexxuznqlr.supabase.co/storage/v1/object/public/item-images/vesta/milk-lolly-mango.png"
"Vesta Milk Lolly Strawberry Ice Cream","Desserts & Ice Creams","ANG-DES-0288","വെസ്റ്റ Milk Lolly സ്ട്രോബെറി ഐസ് ക്രീം","500 ml; 1 L","₹150; ₹260","₹150; ₹260","https://aadutygzgrbexxuznqlr.supabase.co/storage/v1/object/public/item-images/vesta/milk-lolly-strawberry-1.png"
"Vesta Milk Lolly Vanilla Ice Cream","Desserts & Ice Creams","ANG-DES-0289","വെസ്റ്റ Milk Lolly വാനില ഐസ് ക്രീം","500 ml; 1 L","₹150; ₹260","₹150; ₹260","https://aadutygzgrbexxuznqlr.supabase.co/storage/v1/object/public/item-images/vesta/milk-lolly-vanilla.png"
"Vesta Mini Choco Bar Ice Cream","Desserts & Ice Creams","ANG-DES-0290","വെസ്റ്റ മിനി Choco ബാർ ഐസ് ക്രീം","70 ml","₹35","₹35","https://aadutygzgrbexxuznqlr.supabase.co/storage/v1/object/public/item-images/vesta/mini-choco-bar.png"
"Vesta Mini White Chocolate Bar Ice Cream","Desserts & Ice Creams","ANG-DES-0291","വെസ്റ്റ മിനി White ചോക്ലേറ്റ് ബാർ ഐസ് ക്രീം","70 ml","₹35","₹35","https://aadutygzgrbexxuznqlr.supabase.co/storage/v1/object/public/item-images/vesta/mini-white-chocolate-bar.png"
"Vesta Passion Fruit 500ml Ice Cream","Desserts & Ice Creams","ANG-DES-0292","വെസ്റ്റ പാഷൻ ഫ്രൂട്ട് 500ml ഐസ് ക്രീം","500 ml","₹150","₹150","https://aadutygzgrbexxuznqlr.supabase.co/storage/v1/object/public/item-images/vesta/passion-fruit-vesta.png"
"Vesta Pista 1L Ice Cream","Desserts & Ice Creams","ANG-DES-0293","വെസ്റ്റ പിസ്ത 1L ഐസ് ക്രീം","1 L","₹260","₹260","https://aadutygzgrbexxuznqlr.supabase.co/storage/v1/object/public/item-images/vesta/pista-1000ml.png"
"Vesta Pista 500ml Ice Cream","Desserts & Ice Creams","ANG-DES-0294","വെസ്റ്റ പിസ്ത 500ml ഐസ് ക്രീം","500 ml","₹150","₹150","https://aadutygzgrbexxuznqlr.supabase.co/storage/v1/object/public/item-images/vesta/pista-vesta.png"
"Vesta Pista Sundae Ice Cream","Desserts & Ice Creams","ANG-DES-0295","വെസ്റ്റ പിസ്ത സൺഡേ ഐസ് ക്രീം","150 ml","₹70","₹70","https://aadutygzgrbexxuznqlr.supabase.co/storage/v1/object/public/item-images/vesta/sundae-pista.png"
"Vesta Rum &#038; Raisin Ice Cream","Desserts & Ice Creams","ANG-DES-0296","വെസ്റ്റ Rum &#038; Raisin ഐസ് ക്രീം","500 ml; 1 L","₹150; ₹260","₹150; ₹260","https://aadutygzgrbexxuznqlr.supabase.co/storage/v1/object/public/item-images/vesta/p1-rum-raisin.png"
"Vesta Rum &#038; Raisin 100ml Ice Cream","Desserts & Ice Creams","ANG-DES-0297","വെസ്റ്റ Rum &#038; Raisin 100ml ഐസ് ക്രീം","100 ml","₹35","₹35","https://aadutygzgrbexxuznqlr.supabase.co/storage/v1/object/public/item-images/vesta/rum-raisin-100ml.png"
"Vesta Spanish Delight 500ml Ice Cream","Desserts & Ice Creams","ANG-DES-0298","വെസ്റ്റ സ്പാനിഷ് ഡിലൈറ്റ് 500ml ഐസ് ക്രീം","500 ml","₹150","₹150","https://aadutygzgrbexxuznqlr.supabase.co/storage/v1/object/public/item-images/vesta/spanish-delight-vesta-1.png"
"Vesta Strawberry 1l Ice Cream","Desserts & Ice Creams","ANG-DES-0299","വെസ്റ്റ സ്ട്രോബെറി 1l ഐസ് ക്രീം","1 L","₹260","₹260","https://aadutygzgrbexxuznqlr.supabase.co/storage/v1/object/public/item-images/vesta/strawberry-1000ml.png"
"Vesta Strawberry 500ml Ice Cream","Desserts & Ice Creams","ANG-DES-0300","വെസ്റ്റ സ്ട്രോബെറി 500ml ഐസ് ക്രീം","500 ml","₹150","₹150","https://aadutygzgrbexxuznqlr.supabase.co/storage/v1/object/public/item-images/vesta/strawberry-vesta.png"
"Vesta Strawberry Bar Ice Cream","Desserts & Ice Creams","ANG-DES-0301","വെസ്റ്റ സ്ട്രോബെറി ബാർ ഐസ് ക്രീം","70 ml","₹35","₹35","https://aadutygzgrbexxuznqlr.supabase.co/storage/v1/object/public/item-images/vesta/strawberry-bar.png"
"Vesta Strawberry Bulk Pack Ice Cream","Desserts & Ice Creams","ANG-DES-0302","വെസ്റ്റ സ്ട്രോബെറി Bulk Pack ഐസ് ക്രീം","500 ml; 1 L","₹150; ₹260","₹150; ₹260","https://aadutygzgrbexxuznqlr.supabase.co/storage/v1/object/public/item-images/vesta/strawberry-family-pack.png"
"Vesta Strawberry Sundae Ice Cream","Desserts & Ice Creams","ANG-DES-0303","വെസ്റ്റ സ്ട്രോബെറി സൺഡേ ഐസ് ക്രീം","150 ml","₹70","₹70","https://aadutygzgrbexxuznqlr.supabase.co/storage/v1/object/public/item-images/vesta/sundae-strawberry.png"
"Vesta Tender Coconut 1l Ice Cream","Desserts & Ice Creams","ANG-DES-0304","വെസ്റ്റ ഇളനീർ (ടെൻഡർ കോക്കനട്ട്) 1l ഐസ് ക്രീം","1 L","₹260","₹260","https://aadutygzgrbexxuznqlr.supabase.co/storage/v1/object/public/item-images/vesta/tender-coconut-1000ml.png"
"Vesta Tender Coconut 500ml Ice Cream","Desserts & Ice Creams","ANG-DES-0305","വെസ്റ്റ ഇളനീർ (ടെൻഡർ കോക്കനട്ട്) 500ml ഐസ് ക്രീം","500 ml","₹150","₹150","https://aadutygzgrbexxuznqlr.supabase.co/storage/v1/object/public/item-images/vesta/tender-coconut-vesta.png"
"Vesta Vanilla 1l Ice Cream","Desserts & Ice Creams","ANG-DES-0306","വെസ്റ്റ വാനില 1l ഐസ് ക്രീം","1 L","₹260","₹260","https://aadutygzgrbexxuznqlr.supabase.co/storage/v1/object/public/item-images/vesta/vanilla-1000ml.png"
"Vesta Vanilla 500ml Ice Cream","Desserts & Ice Creams","ANG-DES-0307","വെസ്റ്റ വാനില 500ml ഐസ് ക്രീം","500 ml","₹150","₹150","https://aadutygzgrbexxuznqlr.supabase.co/storage/v1/object/public/item-images/vesta/vanilla-vesta.png"
"Vesta Vanilla Bulk Pack Ice Cream","Desserts & Ice Creams","ANG-DES-0308","വെസ്റ്റ വാനില Bulk Pack ഐസ് ക്രീം","500 ml; 1 L","₹150; ₹260","₹150; ₹260","https://aadutygzgrbexxuznqlr.supabase.co/storage/v1/object/public/item-images/vesta/vanilla-family-pack.png"
"Vesta Vanilla Conevita Vegan Ice Cream","Desserts & Ice Creams","ANG-DES-0309","വെസ്റ്റ വാനില കോൺവിറ്റ വീഗൻ ഐസ് ക്രീം","120 ml","₹50","₹50","https://aadutygzgrbexxuznqlr.supabase.co/storage/v1/object/public/item-images/vesta/vanila-vegan-conevita.png"
"Vesta Vanilla Mango Bar Ice Cream","Desserts & Ice Creams","ANG-DES-0310","വെസ്റ്റ വാനില മാംഗോ ബാർ ഐസ് ക്രീം","70 ml","₹35","₹35","https://aadutygzgrbexxuznqlr.supabase.co/storage/v1/object/public/item-images/vesta/vanilla-mango-bar.png"
"Vesta Vanilla Strawberry Bar Ice Cream","Desserts & Ice Creams","ANG-DES-0311","വെസ്റ്റ വാനില സ്ട്രോബെറി ബാർ ഐസ് ക്രീം","70 ml","₹35","₹35","https://aadutygzgrbexxuznqlr.supabase.co/storage/v1/object/public/item-images/vesta/vanilla-strawberry-bar.png"
"Vesta Vanilla Vegan Ice Cream","Desserts & Ice Creams","ANG-DES-0312","വെസ്റ്റ വാനില വീഗൻ ഐസ് ക്രീം","500 ml; 1 L","₹150; ₹260","₹150; ₹260","https://aadutygzgrbexxuznqlr.supabase.co/storage/v1/object/public/item-images/vesta/vanila-vegan.png"
"Vesta White Chocolate Bar Ice Cream","Desserts & Ice Creams","ANG-DES-0313","വെസ്റ്റ White ചോക്ലേറ്റ് ബാർ ഐസ് ക്രീം","70 ml","₹35","₹35","https://aadutygzgrbexxuznqlr.supabase.co/storage/v1/object/public/item-images/vesta/white-chocolate-bar.png"
"Vesta White Chocolate Conevita Ice Cream","Desserts & Ice Creams","ANG-DES-0314","വെസ്റ്റ White ചോക്ലേറ്റ് കോൺവിറ്റ ഐസ് ക്രീം","120 ml","₹50","₹50","https://aadutygzgrbexxuznqlr.supabase.co/storage/v1/object/public/item-images/vesta/white-chocolate-convevita-1.png"
"Vesta White Chocolate Sundae Ice Cream","Desserts & Ice Creams","ANG-DES-0315","വെസ്റ്റ White ചോക്ലേറ്റ് സൺഡേ ഐസ് ക്രീം","150 ml","₹70","₹70","https://aadutygzgrbexxuznqlr.supabase.co/storage/v1/object/public/item-images/vesta/sundae-white-chocolate.png"